,Ravi River,Shamkay Bhattian,Bahria Town School and College,Kot Arain,Jhedu Minor,Jinnah Sector LDA City,Institute of Southern Lahore,Badhwar,Ravi River,Khudpur,Bahria Town Marquee,"Barkat Ali MArket, Riwind Rd",Bakra Mandi Defence Road,Lahore Ring Road Kahna Interchange,Ahlu Rd,Mallian Road,Sultan Pur,Thathan Naulan,Model Baraz Chung,Bilal Town LDA Avenue,Wapda Town Phase 1,Pak-Arab Housing Scheme,Deo Kalan,Thethar Rd,Nizampura,Sharaqpur,Ravi River Katar Band South,General Bus Stand Thoker Niaz Baig,Johar Town Park,Pak Electron Limited (PEL) Walton Road,Khyaban-e-Jinnah Rd Sector G,Defence Raya Golf Resort Jamia Masjid,Qillah Sharief,Canal Upper Chenab,Shadhanwali Forest Reserve 2,Shahdiwal,Qasim Ali Shah Foundation Wahdat Road,Gulberg III Block C3,Allama Iqbal International Airport,Lahore School of Economics Shabbir Sharif Rd,Chak 22,West Minister Farmhouse,Katal Lahore-Jaranwala Rd,Burj Near Ravi River,Samanabad Town,Punjab Board of Investment & Trade PBIT,Al-Faisal Town,Paragon City,Chak 10,Budho Sharif,Burj Attari Stadium,Lahore Multan Motorway Interchange,Bund Road Khokhar Town,Shaheen Park Shad Bagh,Sue Wala Road Shalimar Housing Scheme,Lahore Medical and Dental College,Dhamoke Sheikhupura Rd,Pind Road Sheikhpura,Kala Shah Kaku,Kot Abdul Malik,Shahdara,Jhuggian Jodha,Sialkot Lahore Motorway,Natt Kalan,date
0,1201.7068,1197.0575,1192.91,1199.7109,1206.0173,1213.8105,1218.3093,1205.3447,1197.7073,1201.8535,1201.5215,1203.8169,1218.2206,1228.1298,1221.624,1210.683,1203.3763,1205.3293,1205.3539,1208.8809,1234.1099,1237.6981,1241.7264,1225.9451,1208.3306,1202.8011,1207.8888,1223.908,1244.0378,1256.4192,1246.9358,1237.6816,1204.6854,1203.1346,1210.7502,1231.2896,1254.2505,1266.6191,1248.5848,1249.1576,1199.5408,1199.0312,1211.3082,1230.8577,1265.8221,1277.2866,1259.9117,1254.8091,1197.9386,1202.5731,1209.9452,1225.3145,1254.4432,1263.4618,1259.1803,1251.5079,1201.1974,1206.5243,1216.5579,1227.1841,1242.4097,1255.823,1251.2423,1253.028,4/1/2021
1,1432.5554,1431.9313,1433.1698,1422.1746,1419.9294,1416.0768,1427.1082,1426.8232,1432.729,1427.8479,1429.8998,1430.6216,1429.895,1425.5594,1429.7961,1430.1705,1436.0151,1436.9998,1430.1516,1430.3677,1441.673,1435.2969,1444.7534,1444.3595,1445.4414,1443.1278,1433.5515,1430.44,1436.3804,1450.1416,1457.0267,1449.5217,1453.4243,1448.7924,1442.6936,1432.2856,1443.6006,1451.1681,1451.7208,1452.2527,1447.644,1450.3756,1449.2971,1444.2004,1455.7068,1454.1676,1438.8875,1439.6796,1437.2086,1436.7539,1437.1215,1429.0947,1435.5281,1441.8264,1438.0581,1431.5399,1435.8912,1431.3389,1425.9498,1428.4078,1435.6705,1440.949,1436.9016,1430.5093,4/2/2021
2,1158.0955,1160.2836,1163.7247,1171.0192,1177.5029,1177.9122,1187.1166,1192.8176,1160.3679,1162.328,1162.8501,1164.3285,1164.3909,1172.903,1190.2546,1198.7623,1169.3174,1164.3671,1168.4967,1161.9164,1156.7529,1157.4678,1175.3422,1193.9194,1198.5253,1185.6412,1176.4336,1168.3744,1147.12,1152.1771,1170.3313,1181.1758,1203.1582,1200.4069,1192.3231,1175.1207,1164.3667,1159.4038,1159.6766,1170.3595,1207.9666,1203.2507,1201.1654,1184.8594,1177.2526,1161.5189,1147.7705,1151.382,1207.0358,1210.3368,1203.1082,1189.2903,1171.7452,1173.3673,1162.509,1153.4268,1209.197,1211.7279,1203.392,1190.974,1185.2699,1179.2859,1167.7986,1160.8997,4/3/2021
3,1200.7146,1189.1886,1188.8317,1189.1228,1181.5546,1148.679,1154.9293,1158.7482,1204.3005,1201.9237,1200.4114,1199.9362,1192.616,1158.7853,1166.0352,1163.9235,1207.5013,1202.7592,1212.9552,1220.7042,1211.0337,1179.7777,1172.7324,1166.6661,1220.907,1208.5115,1226.9238,1234.4567,1227.3843,1210.3817,1196.1921,1179.8918,1231.9691,1230.6077,1242.8029,1260.22,1272.7631,1257.2411,1228.9176,1196.0736,1225.1113,1233.5474,1264.655,1293.7455,1309.0969,1281.4904,1245.2053,1220.988,1211.5898,1235.4673,1266.4948,1290.9989,1298.7054,1296.4026,1274.0636,1243.1552,1216.5782,1233.7073,1259.0139,1277.1517,1292.1141,1289.641,1277.2351,1267.0243,4/4/2021
4,1150.9169,1144.9174,1140.323,1152.9725,1147.0225,1115.3169,1086.0416,1073.6046,1153.1144,1155.8776,1159.9374,1153.5406,1143.4592,1109.5072,1091.0295,1077.272,1154.7212,1157.1346,1166.5248,1171.2992,1154.5333,1116.6443,1081.5454,1077.8547,1161.2133,1155.2998,1163.3599,1173.588,1151.9172,1114.986,1098.8606,1082.953,1161.2087,1164.8947,1172.8829,1182.0062,1167.3909,1137.0199,1108.2787,1095.3169,1152.5361,1154.956,1175.0093,1180.3589,1183.9457,1149.4824,1118.0391,1101.1871,1140.7504,1157.4653,1167.9501,1185.4929,1174.598,1168.3893,1139.7781,1115.9751,1143.2256,1157.6959,1169.3494,1169.2021,1172.4855,1165.0582,1143.2311,1137.144,4/5/2021
5,1169.673,1170.9009,1166.6736,1178.1766,1190.7135,1195.1053,1199.389,1207.2949,1151.9078,1162.1409,1162.9484,1182.4971,1194.1989,1207.5795,1203.0775,1205.9235,1155.9229,1154.2655,1152.212,1176.9524,1201.7058,1215.8868,1215.6577,1215.0424,1167.1882,1160.8656,1149.6272,1158.3322,1177.3228,1209.1194,1214.7739,1224.7705,1161.6095,1156.1648,1154.7039,1160.7739,1171.4877,1196.5865,1215.4744,1224.35,1155.7882,1147.9596,1150.4823,1157.6509,1171.5763,1189.5021,1193.9818,1202.6881,1152.152,1148.3064,1150.579,1155.6392,1158.6251,1182.7725,1181.7552,1183.222,1150.161,1152.0137,1153.8605,1156.2501,1155.942,1166.8346,1170.3887,1173.9762,4/6/2021
6,1137.0623,1137.8582,1140.057,1149.7141,1149.1622,1151.8293,1153.2721,1146.8247,1132.2631,1137.2488,1143.1692,1146.6094,1142.8391,1154.3187,1159.1357,1149.0825,1134.4572,1135.3623,1136.6536,1140.3655,1135.1798,1149.9998,1161.4121,1157.7871,1131.1499,1129.914,1113.7942,1114.9512,1121.6018,1128.3555,1153.7617,1161.1664,1122.5824,1122.1115,1106.9115,1101.8066,1120.3624,1126.6393,1134.7921,1152.2654,1106.5361,1104.4725,1092.6266,1081.3827,1102.3601,1115.637,1134.9988,1141.9584,1102.4077,1094.3358,1082.8447,1074.1917,1086.8966,1116.9857,1125.9578,1132.925,1100.179,1093.0901,1087.1143,1077.8317,1086.2887,1101.9093,1112.6168,1124.3512,4/7/2021
7,1117.0073,1122.2955,1115.1101,1089.3635,1075.2609,1067.4318,1073.623,1083.8866,1115.6437,1117.5569,1111.6764,1089.9548,1077.4429,1069.2716,1078.7625,1088.3024,1117.1208,1114.91,1103.6439,1087.8408,1074.5718,1088.5312,1080.8275,1100.8257,1122.1139,1118.5828,1102.7036,1072.5857,1072.8975,1087.5298,1098.2284,1105.763,1121.1171,1114.3927,1097.7043,1074.4362,1077.6691,1093.2277,1107.4534,1113.2003,1115.1908,1112.687,1093.2764,1077.8375,1081.5568,1096.4739,1110.4913,1105.8185,1102.0024,1105.195,1090.5986,1079.821,1090.1063,1105.1842,1101.7554,1094.2606,1099.9292,1096.9877,1094.2072,1083.1874,1092.9729,1100.7968,1101.0829,1098.043,4/8/2021
8,1113.9337,1113.5703,1104.0759,1103.4413,1105.089,1106.7311,1121.1986,1137.2423,1117.6953,1119.1073,1111.189,1104.7216,1102.8973,1107.1687,1127.9863,1142.0293,1124.4929,1123.549,1114.0592,1107.3245,1105.6632,1121.7474,1122.1134,1134.9111,1141.3822,1130.3418,1117.2836,1114.5663,1113.7133,1120.6411,1122.9462,1127.3148,1148.2012,1142.0353,1131.6262,1126.6431,1120.2985,1127.5344,1128.7003,1131.4572,1139.9882,1137.5999,1138.649,1129.8485,1135.135,1133.6965,1138.8378,1134.993,1132.2838,1134.8684,1131.4436,1134.6294,1143.3347,1133.9197,1136.6262,1135.335,1132.6138,1135.4227,1134.7806,1138.0929,1138.7129,1136.4763,1137.4794,1137.7887,4/9/2021
9,1120.5518,1122.5137,1115.9172,1093.4988,1080.7825,1097.0868,1118.7786,1121.8563,1109.2775,1117.7296,1114.401,1096.7177,1087.3065,1101.7405,1129.9948,1125.1509,1107.3767,1108.5669,1097.5442,1090.833,1093.2218,1122.3472,1130.0789,1130.2249,1107.8927,1114.1068,1092.286,1077.0391,1072.7562,1113.4244,1113.5302,1120.7745,1103.4371,1105.8676,1081.0659,1061.783,1068.0778,1087.977,1096.5874,1102.9113,1100.6938,1098.2034,1064.6674,1042.8468,1049.5332,1075.805,1066.821,1077.6604,1101.0159,1092.0759,1063.7216,1041.2808,1043.7369,1056.4412,1062.4138,1064.9761,1097.7836,1087.8491,1064.6868,1046.443,1040.6554,1046.1783,1054.5436,1060.5026,4/10/2021
10,1079.0464,1082.9752,1074.5952,1085.5204,1095.6377,1107.3542,1129.893,1140.53,1088.886,1084.8252,1079.5321,1075.2318,1088.3413,1104.6305,1130.8031,1143.0872,1097.2817,1093.6008,1089.1647,1089.6946,1096.1208,1131.3652,1137.345,1147.1091,1108.6932,1095.3152,1098.7897,1103.705,1111.0712,1138.0288,1144.7922,1149.0935,1125.1819,1116.9197,1112.7203,1118.2777,1119.8,1149.6678,1157.9039,1144.7008,1130.4534,1125.5658,1133.468,1123.5331,1143.0333,1157.4137,1153.5227,1141.7216,1123.4615,1132.3794,1136.8511,1134.4186,1148.3412,1153.4667,1152.1174,1143.0085,1123.1652,1136.0538,1132.8376,1139.0366,1147.4183,1153.8519,1152.5676,1147.459,4/11/2021
11,1205.9731,1204.598,1200.535,1187.5872,1177.7828,1159.6417,1166.3793,1162.1917,1208.8223,1209.3026,1215.7823,1208.0481,1200.0159,1178.6074,1176.8663,1170.2482,1205.8182,1212.1392,1216.9918,1214.6451,1208.4812,1210.8583,1204.1395,1186.1876,1213.8779,1213.6973,1215.8971,1221.7817,1224.4639,1210.5312,1217.0182,1203.7302,1228.909,1229.6459,1229.228,1234.2446,1234.4508,1212.762,1212.5122,1202.174,1222.4537,1233.1589,1240.9944,1244.104,1240.9302,1231.0219,1225.8516,1207.0905,1220.2056,1231.9575,1234.4115,1240.1776,1239.2899,1236.6158,1230.2656,1217.2771,1223.0343,1227.0962,1231.5569,1233.3005,1230.3008,1232.4692,1225.3997,1226.3582,4/12/2021
12,1185.572,1189.5981,1200.9594,1229.8242,1252.4985,1268.731,1278.8281,1276.3835,1179.9347,1185.823,1207.0659,1230.3403,1259.177,1274.1694,1283.7198,1280.725,1183.1852,1190.7982,1202.6316,1225.203,1261.168,1294.3203,1300.1271,1293.428,1180.228,1183.426,1198.4901,1233.6504,1269.2313,1291.7867,1297.9803,1299.8882,1176.3083,1178.7211,1201.3276,1233.4125,1261.2239,1288.5681,1289.0692,1291.8834,1181.5164,1187.0247,1205.888,1230.812,1264.3412,1289.3293,1281.6711,1274.1512,1181.5762,1193.6108,1206.1821,1223.9336,1253.963,1279.5376,1273.6023,1268.5934,1180.2528,1196.4033,1209.6449,1223.9525,1246.8596,1263.1093,1263.9065,1267.5621,4/13/2021
13,1183.8212,1184.6268,1180.7639,1198.7418,1205.7872,1225.2821,1272.3064,1282.8049,1186.4955,1182.9841,1191.577,1208.0015,1232.1589,1250.4645,1279.1858,1290.9083,1179.2068,1186.6237,1199.1844,1226.5117,1264.926,1297.566,1326.8018,1314.3572,1196.28,1189.2804,1216.0873,1248.6085,1297.0546,1355.4131,1356.8209,1340.8076,1204.425,1206.2135,1235.8796,1274.4585,1320.7068,1381.5181,1380.8273,1355.4937,1208.938,1213.8258,1246.3142,1286.7078,1348.524,1382.7693,1387.9564,1349.5372,1206.7747,1222.8767,1252.6317,1289.9213,1343.5184,1371.5968,1366.4539,1352.8505,1208.592,1227.6289,1253.2664,1287.2998,1326.6266,1348.1478,1354.2566,1354.1682,4/14/2021
14,1165.0225,1163.3353,1165.5676,1180.0332,1185.0394,1197.9705,1217.246,1220.9214,1168.108,1168.7906,1171.8687,1182.6154,1201.7502,1217.9619,1225.5824,1228.7543,1169.3619,1172.9105,1176.5923,1188.445,1217.1437,1236.2106,1249.2363,1247.4103,1179.2928,1169.6696,1180.1011,1199.406,1224.5266,1246.4319,1258.1288,1254.7383,1173.9299,1174.7352,1190.8032,1203.6737,1238.0972,1258.4196,1255.9607,1257.3287,1179.6141,1173.5973,1195.9927,1209.8369,1248.7042,1260.5948,1262.4567,1257.7686,1180.8485,1187.6042,1197.064,1208.2559,1234.374,1254.7632,1254.6871,1250.1019,1182.4589,1191.2708,1204.5673,1212.8086,1227.0099,1241.9524,1238.3851,1239.9431,4/15/2021
15,1347.6888,1343.1646,1342.3785,1337.4027,1332.2898,1328.1108,1324.8159,1312.0433,1344.4303,1347.7942,1341.0288,1340.0774,1336.7142,1328.3392,1325.3776,1317.3188,1344.3047,1347.7455,1338.684,1335.2394,1340.7657,1322.8905,1324.2653,1318.3641,1345.6421,1343.3284,1343.092,1336.0587,1336.7808,1328.3436,1329.7803,1327.6667,1341.214,1333.5116,1344.0688,1340.3994,1336.8273,1332.2646,1324.5133,1327.8821,1336.2263,1335.0348,1343.69,1333.4338,1338.5559,1339.9965,1324.8438,1334.3945,1341.03,1335.0884,1330.9696,1321.616,1322.1552,1324.6074,1322.3579,1330.1102,1343.747,1341.6666,1331.8221,1330.4366,1321.0338,1322.0533,1316.1437,1317.645,4/16/2021
16,1132.1146,1128.0096,1134.3751,1143.8882,1163.3124,1165.2908,1172.8224,1171.8567,1136.6658,1134.8916,1137.681,1156.2979,1173.4778,1171.227,1172.3076,1172.5751,1145.8582,1141.144,1153.3018,1167.7666,1184.9211,1185.8895,1179.3798,1177.707,1167.153,1156.9675,1166.0184,1179.6984,1196.532,1207.4973,1203.4006,1183.3998,1178.8379,1180.4218,1191.308,1200.506,1214.5248,1225.8783,1205.9293,1187.0918,1187.0535,1191.9316,1207.1667,1218.4728,1232.1721,1229.4166,1204.1735,1179.9401,1182.4895,1194.2256,1213.3186,1223.7578,1228.0144,1228.3365,1207.0253,1187.2592,1184.2131,1196.4946,1208.5125,1218.2595,1223.4442,1224.3042,1213.3678,1201.2001,4/17/2021
17,1206.4396,1204.5442,1203.4792,1207.429,1212.9877,1202.6534,1183.2129,1158.0667,1212.0404,1212.4537,1209.8195,1210.566,1213.2661,1199.7095,1182.7457,1161.8779,1219.9844,1215.6425,1222.9178,1223.6584,1211.0737,1192.1367,1167.5118,1152.429,1231.881,1227.606,1231.957,1232.7079,1213.6349,1185.0354,1171.8617,1147.7393,1241.4886,1241.4519,1246.9702,1243.894,1233.2001,1190.5151,1159.4861,1145.8107,1244.3226,1249.9537,1259.189,1251.6844,1240.4944,1195.596,1159.2249,1142.2366,1235.5322,1244.7123,1248.9204,1242.3422,1222.1007,1203.1077,1172.7576,1156.7117,1234.0221,1239.8607,1242.5072,1232.0293,1223.9476,1208.5303,1183.2325,1175.1858,4/18/2021
18,1135.2174,1132.1852,1136.6151,1138.087,1143.774,1113.1243,1079.8635,1070.6857,1135.4846,1137.5162,1142.473,1144.4268,1137.5236,1100.9873,1080.5587,1073.4474,1139.7,1140.6372,1155.0847,1160.9075,1148.3031,1104.0107,1073.582,1073.0925,1152.604,1148.2576,1164.734,1168.5023,1150.8605,1110.6947,1084.0466,1077.0228,1163.0483,1167.6244,1174.3887,1178.0333,1158.7275,1120.9238,1089.0286,1088.1027,1158.7875,1168.4841,1185.544,1182.3195,1166.8652,1124.605,1099.3756,1094.1378,1151.1702,1163.4062,1180.6385,1187.4011,1162.4207,1134.4199,1112.9178,1102.9193,1156.1393,1168.5952,1179.1769,1176.5869,1160.4545,1140.0283,1119.3279,1112.6102,4/19/2021
19,1154.1165,1152.6165,1148.9927,1156.2642,1163.5746,1159.6193,1146.3616,1141.6353,1146.9354,1152.711,1159.0763,1161.2816,1165.3485,1159.3121,1150.2202,1147.4305,1142.2135,1148.5088,1155.6571,1170.2292,1179.8606,1169.6245,1160.783,1158.7665,1147.1017,1144.5774,1155.9558,1169.996,1178.6973,1180.4359,1173.3516,1169.189,1156.6377,1156.3918,1166.4426,1178.2426,1181.2196,1190.4271,1179.0793,1172.6196,1155.9924,1156.209,1177.5417,1183.454,1188.031,1186.6024,1180.7792,1163.7207,1144.4216,1154.6719,1174.3005,1187.8962,1183.2128,1186.2306,1176.4391,1160.2474,1143.4662,1155.0297,1172.322,1175.3486,1180.32,1181.5752,1170.8663,1170.5244,4/20/2021
20,1138.1648,1142.8895,1146.1543,1155.2225,1163.6067,1185.3917,1198.8926,1209.829,1121.1819,1134.3195,1145.3337,1154.8872,1164.8048,1186.4197,1204.0851,1211.0001,1114.2169,1119.8046,1124.4142,1141.5692,1165.5808,1187.2819,1212.9558,1220.9469,1106.8568,1109.9221,1109.4619,1120.689,1142.4705,1182.2443,1214.4302,1225.1501,1102.3683,1100.6132,1105.4469,1111.4634,1124.8667,1166.7977,1196.838,1210.2133,1098.7452,1097.358,1095.3231,1094.1765,1114.6262,1159.4368,1186.6321,1192.0112,1096.8552,1097.5844,1098.358,1103.5074,1111.0612,1152.9822,1165.536,1174.8528,1094.2484,1095.6543,1099.8066,1099.9178,1113.4163,1139.3328,1150.9147,1164.989,4/21/2021
21,1122.5538,1121.2218,1114.3618,1102.3915,1092.0936,1085.3082,1089.1531,1104.2456,1122.4248,1124.7552,1120.3638,1106.822,1090.3195,1092.8165,1096.598,1106.9264,1131.7639,1126.724,1117.781,1116.2249,1103.7391,1098.7812,1107.5897,1123.5753,1138.0944,1127.0448,1112.5417,1105.3596,1100.4282,1102.12,1115.8204,1131.4753,1146.1938,1139.4808,1121.3641,1113.9313,1102.7799,1112.2325,1126.5262,1142.1123,1142.69,1139.2294,1137.0095,1120.7275,1115.413,1122.9679,1141.5557,1141.8417,1139.2634,1134.4225,1133.5739,1130.7722,1127.3524,1138.3257,1143.4104,1137.9326,1139.5979,1136.284,1136.5586,1129.2716,1132.7588,1140.391,1138.2659,1137.2303,4/22/2021
22,1107.8042,1108.7222,1103.4011,1094.982,1073.2617,1062.5485,1076.8447,1094.1448,1109.5852,1112.2074,1106.548,1097.0203,1082.6683,1075.9203,1088.3583,1098.73,1111.4995,1111.4376,1103.0703,1100.4713,1089.731,1094.3118,1097.58,1108.7574,1115.5675,1110.2504,1096.3265,1092.7399,1095.9263,1099.6735,1108.9679,1120.3612,1112.8634,1110.3428,1102.3708,1098.3671,1103.3468,1113.3992,1125.1862,1124.1906,1105.391,1103.5417,1102.1404,1099.4302,1108.2137,1126.3942,1136.6971,1129.9001,1104.8431,1104.2477,1096.796,1099.8098,1118.5468,1135.844,1142.9249,1133.5273,1103.5968,1100.8513,1100.854,1101.3269,1112.7059,1124.335,1131.947,1135.6786,4/23/2021
23,1086.1039,1087.4536,1083.8778,1084.4171,1090.2308,1106.9897,1129.6614,1144.76,1078.2677,1084.1982,1080.5526,1080.912,1094.3066,1109.5787,1141.6788,1150.7809,1078.0557,1078.4465,1066.7404,1070.7548,1095.7107,1128.6234,1149.5889,1161.4152,1075.6952,1078.4149,1062.7073,1066.9795,1081.1581,1123.8011,1144.293,1160.7633,1069.0067,1066.9869,1060.8665,1060.2064,1075.0327,1112.5991,1136.6469,1150.4535,1061.9702,1059.733,1052.2747,1048.6016,1066.8007,1103.4219,1118.7592,1134.1001,1064.701,1055.4103,1049.759,1052.4067,1072.4014,1096.7886,1111.4878,1122.3578,1063.3893,1056.9354,1055.3586,1055.8677,1064.9882,1085.2083,1100.8884,1109.2113,4/24/2021
24,1152.6643,1154.0728,1147.7982,1152.7542,1136.0801,1139.758,1160.8322,1165.706,1159.648,1159.5599,1153.0194,1141.6388,1137.2886,1148.6654,1165.8157,1172.4712,1166.6587,1164.3851,1155.0555,1144.0634,1145.2549,1169.498,1178.2583,1184.1981,1177.8279,1169.5402,1154.6991,1144.0671,1151.4469,1176.1559,1182.3416,1187.6249,1174.3741,1177.5447,1163.3141,1151.8661,1160.4916,1180.4227,1178.7047,1177.8285,1174.2036,1171.4636,1163.6403,1149.4347,1166.2329,1183.0272,1170.9535,1172.6373,1171.1985,1171.4001,1156.4393,1146.71,1162.3103,1176.6624,1182.9828,1172.2949,1171.0836,1167.4163,1157.1112,1156.2847,1162.537,1173.4655,1173.0516,1171.7678,4/25/2021
25,1194.1007,1196.9541,1188.5465,1179.6315,1173.514,1179.4995,1199.5946,1208.7653,1194.582,1194.8014,1192.3954,1185.5792,1184.8431,1195.7306,1206.5991,1212.8756,1201.6458,1201.2063,1195.0897,1188.7805,1196.9003,1225.9103,1224.921,1228.5575,1201.9508,1199.7749,1195.2262,1191.4215,1204.1072,1223.4579,1236.6409,1240.4679,1198.1486,1194.9653,1186.8563,1183.2593,1202.0421,1226.2758,1241.509,1240.1433,1193.0093,1189.211,1180.3519,1182.5327,1213.3254,1239.6335,1241.5933,1237.8237,1192.1318,1188.3163,1177.2147,1179.1647,1207.4595,1231.1373,1241.5171,1237.4951,1190.5989,1184.6907,1181.096,1187.8572,1200.0033,1217.5206,1229.5297,1230.8524,4/26/2021
26,1235.5829,1236.4114,1234.4067,1234.6626,1238.9147,1239.742,1248.809,1252.8076,1237.7253,1237.5468,1239.286,1242.5734,1250.5261,1254.5043,1259.0978,1261.6761,1246.8236,1244.4806,1243.6991,1245.9285,1260.5479,1277.3579,1292.0371,1280.7264,1258.1426,1249.8463,1252.1014,1263.0405,1281.7871,1303.4684,1301.6735,1291.2616,1259.2427,1257.8116,1260.1937,1276.308,1298.8363,1312.6738,1304.4861,1293.2598,1255.9591,1257.5454,1267.1376,1284.0455,1312.4131,1317.3081,1306.5704,1282.7627,1252.4008,1260.8231,1269.4275,1280.9928,1301.2648,1307.6936,1303.1198,1286.242,1253.8395,1260.7997,1267.7573,1284.1317,1294.1652,1301.665,1297.1058,1291.1494,4/27/2021
27,1184.0333,1182.956,1179.3999,1196.7655,1204.1459,1218.3566,1252.1978,1266.0896,1188.1162,1186.3926,1189.9128,1208.7031,1230.2633,1244.8463,1264.8025,1273.9539,1189.7881,1190.526,1199.3882,1218.7533,1250.0897,1286.733,1306.4972,1298.8168,1208.3889,1198.3397,1209.1707,1236.6699,1284.0552,1325.7588,1339.8931,1322.9108,1214.9083,1210.4902,1224.0006,1257.8673,1313.4565,1356.7212,1350.9806,1333.1287,1218.3079,1219.3662,1236.211,1276.9862,1331.2635,1365.9354,1361.4954,1322.5592,1218.3016,1235.496,1252.2377,1280.1995,1321.013,1351.5195,1349.3514,1325.9054,1221.2664,1236.1375,1261.8837,1283.9474,1314.084,1335.2894,1337.3335,1333.537,4/28/2021
28,1231.4368,1226.1818,1223.7322,1224.7559,1223.0472,1214.5125,1217.8762,1211.9757,1232.5988,1235.1302,1231.6173,1232.3499,1234.6743,1230.1636,1223.5433,1216.3234,1236.0933,1240.85,1241.2379,1248.3794,1253.5604,1243.8118,1247.67,1229.4407,1239.4209,1236.127,1250.6367,1271.6979,1271.3867,1268.9886,1258.5648,1245.5953,1241.6476,1238.5872,1260.6017,1285.0123,1293.704,1286.39,1269.8862,1260.1227,1241.4982,1241.9292,1269.0576,1290.7704,1313.2264,1301.3496,1282.4711,1261.4177,1239.1913,1251.9106,1270.1921,1287.4948,1302.8751,1303.6353,1283.2535,1267.4669,1243.4885,1256.3159,1272.8572,1284.7396,1294.5485,1295.7272,1283.9894,1277.0955,4/29/2021
29,1272.1332,1264.5253,1258.2809,1264.7006,1267.928,1264.5594,1257.8397,1248.2303,1278.8568,1273.6633,1264.9419,1274.9727,1280.741,1278.8776,1261.4635,1252.4823,1287.4036,1284.4613,1281.8129,1292.4409,1289.5636,1284.5988,1274.2703,1262.2434,1303.5184,1297.1244,1302.0962,1314.6782,1307.8615,1295.1676,1284.461,1264.4036,1311.1683,1303.2898,1320.2504,1328.7941,1324.9742,1304.0127,1279.0297,1264.8784,1301.6968,1305.4915,1324.528,1336.5769,1343.6096,1317.7687,1285.4098,1269.9885,1298.1718,1304.6158,1315.5541,1319.9324,1322.7797,1307.2501,1284.6122,1269.4961,1302.1022,1310.4647,1313.2577,1317.6284,1311.264,1304.729,1287.4523,1278.1277,4/30/2021
30,1085.1567,1080.5931,1081.7601,1097.5201,1115.5623,1133.5431,1141.3192,1134.8265,1083.8644,1083.6417,1085.3933,1107.3911,1126.643,1141.5648,1145.7086,1138.2325,1083.523,1082.8583,1089.1665,1108.9904,1144.758,1150.6628,1157.4647,1145.1523,1095.1898,1088.0537,1093.0479,1111.9904,1149.811,1161.3604,1163.4972,1155.3221,1094.1139,1092.3324,1103.1862,1118.3867,1145.442,1166.1318,1156.9629,1152.8608,1085.7699,1085.8931,1100.8127,1120.9694,1146.6704,1161.1687,1150.3285,1148.0311,1085.6017,1089.3291,1104.139,1120.3767,1135.1458,1142.3702,1139.135,1141.6445,1089.9432,1099.2228,1107.367,1116.8641,1127.9324,1137.251,1137.6492,1138.714,5/1/2021
31,1200.9746,1190.5631,1182.5245,1182.2827,1181.7854,1158.363,1149.856,1144.4044,1209.0585,1204.7896,1196.8577,1194.9362,1198.3696,1167.0095,1152.1664,1149.353,1219.5138,1216.4286,1219.1672,1219.1201,1219.3885,1188.1888,1158.2675,1155.2251,1229.2737,1222.5928,1239.1477,1245.4573,1241.2397,1212.4844,1188.3984,1175.5085,1241.3112,1243.8992,1252.0256,1267.2404,1268.4843,1239.1444,1211.1626,1192.8859,1239.3673,1250.1824,1273.014,1291.9292,1287.4573,1260.6184,1230.9498,1206.5515,1226.913,1245.9226,1270.6464,1287.8699,1285.8344,1271.9221,1244.5054,1217.5918,1230.7949,1241.6554,1261.0967,1270.9719,1279.9421,1272.4344,1253.5497,1238.2607,5/2/2021
32,1137.3787,1137.5431,1131.2334,1133.2362,1129.7255,1114.2664,1090.415,1079.7185,1141.4548,1139.6978,1136.1034,1131.9493,1128.8512,1109.6561,1091.8163,1082.6355,1152.663,1147.3646,1151.4935,1154.1637,1141.4575,1113.6818,1081.3846,1078.6572,1171.8958,1161.1954,1163.8939,1163.6272,1146.9458,1120.3746,1100.9854,1084.6908,1178.049,1173.0547,1176.7015,1171.0557,1164.4523,1142.09,1117.6125,1111.4517,1172.9409,1171.6917,1182.0604,1173.526,1173.1267,1147.5778,1128.6694,1112.124,1163.8407,1169.0465,1178.509,1178.5807,1164.1499,1155.3336,1141.2856,1123.9595,1165.4357,1172.3326,1174.9576,1168.629,1162.1195,1154.2301,1142.9069,1137.6006,5/3/2021
33,1168.2252,1168.0732,1170.4623,1174.6738,1192.9567,1192.8529,1182.6045,1170.9283,1156.1722,1166.2673,1171.4696,1183.3391,1192.6093,1191.1603,1185.8606,1176.0516,1147.4849,1154.8842,1160.7573,1183.5823,1202.3167,1192.5815,1188.4231,1181.5707,1145.5494,1150.2687,1159.4797,1172.2013,1180.9811,1185.3812,1187.6108,1187.4025,1147.0815,1153.5543,1160.4396,1166.5249,1172.9386,1169.7831,1173.9684,1177.7007,1141.1002,1149.4711,1159.0918,1155.7291,1160.8514,1160.7615,1158.4244,1164.838,1136.8478,1142.51,1155.287,1160.86,1147.628,1159.1102,1155.1123,1154.1357,1137.7207,1142.5615,1150.56,1148.7651,1151.0342,1155.708,1148.5801,1154.5723,5/4/2021
34,1129.1417,1133.8026,1134.1827,1144.6255,1152.641,1168.6237,1167.7964,1163.7494,1120.8026,1129.4298,1136.4169,1142.5757,1148.0436,1166.365,1171.3999,1165.9159,1115.7979,1120.9905,1123.7441,1131.822,1152.4526,1168.2865,1176.1078,1174.2035,1104.8623,1113.351,1112.6414,1116.2122,1137.34,1162.7736,1177.2649,1173.0262,1099.1311,1101.7125,1099.6393,1100.3411,1120.313,1157.8202,1162.7394,1163.4467,1094.6913,1095.4475,1086.2212,1080.7914,1103.3881,1135.6573,1145.4424,1141.2036,1089.8964,1085.9075,1082.8604,1082.0487,1089.0315,1119.3054,1128.2827,1129.2708,1085.7308,1087.1117,1088.7339,1081.4652,1094.4854,1106.9703,1113.9982,1124.5182,5/5/2021
35,1096.0819,1098.3729,1089.904,1074.9396,1064.3391,1063.3618,1075.5602,1100.2765,1087.8601,1095.653,1094.3356,1077.0044,1068.2775,1077.7965,1084.8059,1102.8544,1091.036,1089.1198,1080.7258,1076.2494,1076.0454,1086.2083,1099.4755,1116.6614,1097.3468,1091.16,1081.1112,1062.8029,1076.227,1090.4229,1108.9395,1118.837,1103.2411,1101.1713,1088.7196,1080.1434,1075.2831,1094.1376,1109.5765,1117.2623,1102.768,1102.5239,1099.4193,1088.1207,1091.4424,1105.3248,1125.0837,1116.5543,1095.7874,1102.0831,1100.1475,1101.0586,1099.793,1113.5323,1118.2471,1110.6442,1096.3177,1095.9342,1099.2543,1098.6761,1100.9137,1110.604,1112.7632,1113.2675,5/6/2021
36,1117.5026,1116.7577,1115.0219,1119.1436,1110.488,1117.3447,1128.0784,1136.9125,1127.5883,1126.1274,1121.595,1117.4153,1113.5271,1116.7059,1132.7032,1140.9829,1134.8114,1133.3062,1125.2377,1115.6167,1116.0026,1124.6926,1139.1047,1146.6395,1132.1246,1128.3636,1112.1517,1110.1521,1112.012,1115.8485,1130.9166,1154.4175,1126.6561,1121.6218,1108.9181,1101.0149,1107.0474,1122.4603,1119.9751,1141.0184,1117.6003,1109.2526,1103.7871,1093.3857,1099.7595,1125.7404,1137.0461,1147.0955,1115.7427,1106.0869,1095.7872,1090.5337,1106.7477,1121.7018,1134.3269,1144.8619,1113.5684,1107.3258,1100.1346,1091.1006,1099.6395,1113.6874,1126.5995,1133.6746,5/7/2021
37,1099.5333,1096.7517,1092.1564,1085.9902,1074.6812,1077.2339,1089.8959,1092.2277,1103.7788,1103.716,1097.0997,1087.4493,1079.4952,1082.2113,1100.2325,1100.247,1099.7141,1104.3445,1097.2922,1089.6752,1083.6063,1099.4431,1101.7278,1109.7242,1094.5906,1097.6306,1087.252,1082.9352,1076.2932,1089.8673,1102.4481,1107.2755,1092.0793,1092.5446,1084.503,1076.6101,1080.3741,1089.8204,1105.2561,1099.422,1088.3549,1087.7135,1082.4667,1075.1815,1076.022,1096.0251,1090.0822,1095.6686,1086.6008,1084.9935,1081.3894,1075.9475,1083.4332,1090.1174,1092.6893,1090.4845,1083.6542,1080.9047,1076.5931,1068.6359,1071.71,1080.3291,1087.4963,1086.9736,5/8/2021
38,1108.7557,1104.3386,1089.6665,1084.6594,1081.5719,1079.3884,1103.0228,1124.5778,1120.691,1116.3342,1098.1912,1084.3158,1084.4163,1087.4652,1109.4535,1131.7584,1125.7374,1121.7115,1108.0165,1098.3156,1099.1083,1114.7164,1117.8383,1143.5966,1136.144,1125.5992,1120.2977,1113.7644,1119.1719,1133.4437,1135.1792,1156.301,1142.5288,1139.7203,1134.5688,1130.7477,1134.0681,1156.0999,1163.0236,1167.8198,1139.087,1137.0574,1143.0549,1142.5769,1159.4812,1173.207,1184.3998,1176.9755,1140.7042,1143.6877,1142.1958,1153.2026,1171.6833,1182.7919,1191.9476,1185.7148,1143.8949,1144.7911,1147.3839,1158.7584,1171.5249,1182.4366,1189.6483,1187.6536,5/9/2021
39,1197.4098,1200.4021,1195.361,1194.288,1185.2977,1174.9772,1176.8701,1170.6112,1201.4877,1203.2295,1204.0164,1202.2097,1197.674,1187.282,1185.6708,1179.4681,1203.0045,1207.3591,1206.4017,1206.7383,1209.6825,1223.5844,1215.9606,1197.8739,1207.153,1210.9832,1208.7062,1214.905,1225.8988,1236.9875,1225.6556,1213.552,1206.2804,1215.0879,1215.4762,1219.941,1235.8616,1232.9495,1223.1597,1215.7068,1202.7539,1212.9731,1217.3058,1222.3486,1237.9888,1240.1902,1216.9388,1205.0658,1200.6818,1206.8387,1208.2938,1217.0292,1228.0289,1231.501,1220.1655,1206.7859,1201.046,1206.5902,1208.8422,1214.3724,1221.8046,1228.6311,1219.1975,1217.567,5/10/2021
40,1189.3875,1198.8025,1205.028,1226.0758,1248.1891,1269.3237,1281.5381,1287.3561,1184.5487,1190.124,1201.1008,1225.6387,1258.2954,1283.713,1288.1251,1293.7241,1185.6663,1194.8318,1200.9904,1229.1124,1275.4469,1319.3418,1319.3395,1308.4219,1179.168,1184.689,1202.9283,1237.0629,1288.1622,1331.173,1328.3119,1319.8473,1172.8976,1175.1388,1198.4108,1229.3254,1281.7972,1325.0309,1323.8054,1307.8826,1168.2495,1174.8588,1194.5928,1228.3464,1286.459,1317.7317,1312.3782,1289.7986,1167.2042,1181.4583,1194.7289,1221.3191,1264.2212,1290.8545,1289.4467,1280.9122,1167.2704,1183.4962,1201.389,1228.0421,1252.634,1270.7151,1275.3007,1275.1334,5/11/2021
41,1206.9277,1206.6051,1204.688,1216.2081,1226.6194,1250.0077,1300.5286,1321.7935,1205.3843,1205.0044,1209.6238,1230.9432,1259.4375,1287.9032,1317.63,1330.2598,1207.5597,1211.5267,1213.8485,1237.9911,1287.2922,1331.656,1369.7549,1355.6604,1229.2043,1218.0522,1224.8517,1253.9875,1317.233,1371.2965,1393.5142,1373.3792,1242.4978,1235.4161,1239.9907,1272.6272,1338.8767,1391.5953,1396.952,1381.765,1242.6084,1241.8102,1250.3209,1293.5696,1352.3948,1392.5363,1398.5518,1371.1958,1240.0907,1252.7606,1266.6041,1298.9247,1350.8586,1372.9818,1380.7156,1361.4185,1244.576,1251.1344,1276.9607,1303.4768,1333.7686,1358.9202,1365.6055,1359.8352,5/12/2021
42,1164.7839,1164.6584,1168.7214,1182.9056,1186.4807,1211.2396,1234.7327,1241.0619,1167.5773,1167.4724,1170.0455,1181.6246,1194.6194,1226.3408,1241.6509,1248.3777,1173.3588,1173.3168,1171.5225,1175.1008,1196.8773,1230.5034,1254.4873,1260.7155,1182.8414,1175.5045,1175.3615,1186.6537,1202.4106,1235.2809,1259.1035,1260.4655,1178.9634,1174.3304,1183.154,1189.164,1209.2927,1243.8093,1247.7142,1250.9673,1189.8544,1182.5576,1186.1941,1198.3021,1221.2341,1246.1953,1249.8026,1242.081,1193.9614,1196.4075,1192.7963,1202.2627,1214.4087,1233.0533,1235.8567,1232.519,1193.7037,1199.1146,1203.4344,1205.9396,1215.4294,1224.8113,1226.7389,1224.5688,5/13/2021
43,1315.7203,1309.1129,1301.1935,1299.467,1299.089,1295.9655,1292.4607,1280.4487,1322.432,1316.3502,1309.1086,1309.6143,1310.4318,1307.1792,1297.508,1285.184,1325.8134,1325.6793,1319.1361,1323.1824,1325.2861,1312.07,1317.0138,1295.5105,1329.7437,1329.2976,1342.2877,1338.732,1335.5408,1324.0385,1318.6967,1304.3901,1332.1835,1329.1261,1345.2572,1346.0376,1338.8876,1325.6188,1312.19,1306.585,1319.6599,1325.8202,1343.9084,1349.8885,1347.1222,1331.9586,1310.9253,1303.8591,1318.1647,1320.7733,1330.3928,1332.6448,1335.9662,1322.3118,1305.9734,1302.5488,1321.8567,1327.6498,1328.1267,1329.5922,1326.4545,1317.5466,1309.2823,1304.9775,5/14/2021
44,1068.8322,1068.1318,1079.2593,1096.1779,1112.2833,1114.7018,1112.5516,1105.046,1081.7095,1079.3868,1086.2422,1107.6992,1121.8887,1123.89,1121.5392,1111.6406,1091.477,1088.3794,1101.0393,1119.2296,1133.6504,1128.148,1129.6307,1122.2062,1104.5249,1098.7018,1109.2986,1138.8932,1147.0266,1134.9454,1130.7961,1114.1509,1108.1576,1115.4697,1136.6312,1153.8754,1160.8844,1141.0857,1117.7529,1100.3708,1110.9672,1114.7643,1140.2068,1156.491,1167.2422,1147.804,1113.8503,1097.9781,1111.5002,1124.5739,1137.4366,1148.0079,1149.6531,1138.228,1117.6537,1098.5146,1115.5555,1130.9951,1138.4927,1143.9933,1140.1873,1132.8661,1114.5597,1103.5903,5/15/2021
45,1200.1812,1196.5483,1200.1597,1224.0568,1245.1998,1251.9479,1258.2563,1251.619,1196.5026,1195.9421,1202.5435,1236.3396,1262.3771,1262.8064,1263.8721,1255.9636,1194.5857,1198.1372,1212.8561,1247.3525,1285.7412,1293.1991,1298.6105,1277.8893,1208.474,1208.212,1220.5535,1256.8782,1308.8264,1337.7048,1332.7404,1302.4457,1210.6948,1211.277,1237.2677,1279.199,1329.7759,1361.7144,1344.7523,1316.2324,1197.0638,1208.4092,1243.7743,1287.0723,1332.7944,1354.0107,1332.3668,1305.8417,1189.8639,1208.0186,1242.6017,1273.0297,1303.2974,1325.5159,1315.8936,1298.3472,1193.5106,1212.2213,1238.9603,1267.0107,1292.1777,1309.979,1307.1979,1305.6146,5/16/2021
46,1138.1882,1137.116,1138.1422,1132.0195,1127.6215,1101.8387,1074.8362,1063.724,1136.7158,1138.9164,1142.112,1132.8597,1120.497,1089.4713,1073.4419,1067.3744,1143.0453,1141.9375,1149.0741,1144.5717,1129.5217,1088.0358,1062.0227,1070.8551,1151.7264,1149.5415,1152.4979,1143.0336,1124.1222,1090.5237,1078.5275,1077.0253,1152.5852,1159.0425,1159.906,1145.0248,1122.8367,1101.4534,1083.4691,1088.3949,1148.4156,1151.6655,1160.743,1139.027,1128.0044,1110.2252,1094.4965,1096.6259,1140.9968,1143.7477,1149.8602,1138.7714,1124.6766,1117.4509,1108.0143,1105.885,1143.84,1144.8124,1144.8107,1133.1997,1123.5079,1117.1914,1112.3827,1112.6266,5/17/2021
47,1133.9731,1136.494,1134.2665,1140.0719,1149.2678,1153.1497,1155.5756,1156.4786,1130.3948,1133.63,1134.805,1141.7645,1147.3843,1149.5962,1159.902,1163.743,1130.6471,1131.1632,1132.5839,1145.62,1149.4778,1153.1935,1162.4347,1164.9436,1139.7463,1135.1957,1133.7435,1144.1786,1142.9463,1152.5814,1169.2512,1170.1494,1147.3351,1148.3234,1149.5876,1146.006,1152.1064,1158.3472,1164.1364,1167.5217,1144.7866,1142.4128,1160.4292,1152.6635,1153.0278,1151.975,1153.655,1156.9056,1141.559,1140.0052,1155.9037,1153.4609,1143.7664,1152.7776,1154.3956,1147.7676,1140.2303,1142.2015,1149.5046,1143.5671,1145.4531,1149.0541,1146.1067,1148.1145,5/18/2021
48,1122.2278,1125.4199,1131.0701,1135.703,1139.3492,1150.7689,1154.8717,1155.5809,1114.9277,1122.385,1131.6387,1137.901,1144.1047,1156.4601,1158.2227,1158.2594,1110.6539,1115.4286,1120.7931,1131.9812,1151.6108,1160.8738,1174.0726,1166.7646,1104.2767,1108.4384,1114.411,1122.8704,1141.8345,1169.8878,1178.6755,1176.2533,1100.044,1105.8246,1105.8793,1112.3353,1133.9614,1163.9779,1171.2518,1171.1814,1095.4615,1101.0369,1097.498,1100.2739,1124.3712,1154.2959,1165.5084,1166.8119,1091.6792,1094.1774,1097.1108,1103.1998,1116.8356,1151.0944,1157.3531,1161.7957,1091.1373,1091.7151,1092.3325,1097.1989,1118.6774,1137.9514,1146.014,1159.678,5/19/2021
49,1130.1113,1127.8494,1113.3258,1098.9518,1075.0698,1058.3707,1064.2278,1083.2139,1131.863,1133.0529,1124.0876,1096.2969,1072.4258,1062.3794,1073.4757,1088.315,1133.442,1133.4529,1124.7333,1103.5981,1083.0546,1075.4672,1082.0999,1102.617,1135.463,1132.2289,1126.6322,1105.1316,1084.6664,1086.9124,1100.6027,1113.7025,1145.5405,1146.8812,1133.343,1117.6094,1098.0579,1110.9711,1114.3545,1120.6007,1148.3386,1152.4106,1151.0121,1128.1664,1121.3771,1129.5609,1131.3815,1125.4398,1138.7286,1146.5775,1146.4248,1141.2169,1135.9885,1146.6294,1140.5737,1124.9784,1139.0856,1143.2079,1144.6613,1137.3027,1142.2089,1146.5593,1138.7396,1134.9346,5/20/2021
50,1083.0208,1081.0775,1075.58,1076.8799,1064.0648,1066.3455,1076.8232,1094.726,1090.5292,1091.0278,1084.206,1077.643,1070.878,1070.8885,1085.093,1100.2673,1092.808,1093.3292,1085.1338,1077.2885,1079.8776,1084.2682,1094.157,1103.9412,1090.0619,1085.1908,1075.357,1071.1172,1076.0934,1078.9009,1090.9528,1108.2864,1085.6708,1082.9703,1076.2063,1069.6058,1073.6727,1085.1299,1090.1877,1103.8433,1077.816,1076.1185,1073.9374,1073.9163,1079.8458,1100.443,1109.3792,1112.7734,1077.4913,1080.9022,1071.0763,1080.965,1091.9937,1104.4386,1116.5027,1115.5833,1077.9725,1075.6702,1077.068,1076.509,1083.2179,1095.9646,1104.9456,1111.7445,5/21/2021
51,1108.8661,1111.3796,1114.5027,1119.4664,1120.9513,1146.8201,1166.62,1172.3748,1099.5974,1107.7372,1111.4589,1115.3905,1122.4768,1151.5886,1176.2448,1178.4939,1097.865,1101.72,1097.8314,1104.1884,1124.6857,1156.7717,1184.5607,1189.7192,1091.3857,1093.5127,1083.3964,1084.081,1100.9304,1132.5209,1165.8687,1186.9392,1083.1178,1082.6622,1075.2291,1065.4071,1088.3503,1122.5089,1143.2393,1165.2369,1081.4993,1074.5854,1062.647,1050.5431,1067.4406,1113.6085,1129.2205,1150.3623,1087.8073,1072.7522,1060.9662,1048.6384,1064.7834,1092.2062,1116.0217,1134.494,1083.6702,1074.8921,1063.8153,1050.3978,1055.7789,1077.0063,1098.8713,1111.1681,5/22/2021
52,1120.4891,1120.957,1114.9908,1119.7474,1110.4977,1114.9143,1136.0989,1145.1731,1133.4391,1130.0955,1120.9513,1111.0206,1110.2764,1122.0653,1140.5537,1150.9951,1136.0483,1139.1635,1130.107,1119.8585,1118.3031,1139.8048,1149.5009,1162.5157,1143.9232,1137.5496,1136.8145,1125.7173,1131.8872,1145.2825,1152.1337,1168.3008,1145.1733,1145.1974,1143.9036,1137.118,1137.6818,1150.8226,1150.9302,1160.6316,1148.1448,1145.8708,1144.9406,1144.2552,1151.5215,1161.2775,1156.9506,1158.7314,1149.6953,1150.2424,1139.9781,1145.5737,1158.9783,1165.1938,1165.068,1159.4349,1149.7584,1149.1141,1144.0455,1148.6848,1157.5466,1163.6926,1165.1521,1161.0714,5/23/2021
53,1203.9946,1208.0995,1198.669,1189.9486,1182.2281,1189.01,1197.4912,1195.2494,1209.9752,1207.9866,1203.8436,1195.347,1196.6411,1206.7831,1206.5591,1202.7091,1212.0736,1216.4116,1208.621,1198.8727,1209.8843,1235.1959,1231.6167,1223.1293,1216.4515,1216.4803,1211.4498,1211.2568,1230.6115,1246.5382,1242.0135,1235.3118,1219.6106,1219.7426,1214.911,1210.4495,1234.324,1245.0275,1240.0377,1238.1752,1216.5059,1220.4862,1212.1665,1213.9421,1238.2577,1250.131,1240.5599,1228.1898,1214.4965,1213.9219,1204.688,1210.0356,1226.719,1237.3857,1232.8969,1227.3549,1214.3055,1210.5204,1208.7189,1211.9662,1222.5594,1229.6837,1227.0808,1224.7863,5/24/2021
54,1213.0562,1219.3995,1220.9865,1231.4012,1240.5514,1249.4994,1253.6606,1245.861,1212.7943,1216.8578,1224.0438,1235.427,1251.2216,1257.8389,1258.1897,1254.366,1219.7415,1222.7754,1227.4634,1241.0868,1269.6715,1287.0449,1284.9518,1267.6005,1228.746,1227.7959,1235.3994,1258.577,1295.483,1310.4521,1290.849,1275.0356,1223.3501,1228.6698,1239.8635,1266.702,1307.3038,1315.3231,1285.3129,1273.916,1221.5973,1227.9607,1240.6577,1264.146,1306.7589,1311.702,1286.0618,1261.2668,1222.7631,1233.6875,1241.6212,1258.9589,1289.689,1290.7566,1280.1597,1262.071,1223.5786,1235.3647,1245.426,1263.733,1280.1174,1283.8915,1273.0076,1267.2549,5/25/2021
55,1168.2915,1169.2112,1168.0352,1189.8555,1207.763,1235.8771,1279.3539,1294.1501,1179.8472,1173.9216,1175.8286,1200.2312,1231.8055,1260.9066,1288.6418,1298.6708,1185.5363,1185.3903,1189.6149,1215.5126,1258.1583,1304.6588,1329.2428,1318.8455,1204.5164,1197.9961,1210.3333,1241.4674,1294.919,1339.6749,1350.178,1332.6475,1215.0796,1214.4419,1234.5032,1265.518,1317.0272,1362.4607,1359.5438,1333.0532,1221.1023,1223.2806,1248.371,1289.286,1339.1729,1368.7064,1354.758,1322.398,1221.0178,1235.1793,1258.5165,1289.9703,1328.852,1344.236,1340.2954,1317.5109,1222.0927,1239.2382,1266.1046,1291.2933,1313.2858,1326.951,1331.8258,1323.5677,5/26/2021
56,1207.4519,1204.8197,1207.6469,1212.2491,1217.1907,1223.2183,1226.5968,1222.8961,1214.9768,1213.1207,1212.9852,1220.5382,1225.6842,1237.2941,1233.3164,1230.712,1228.7672,1228.436,1223.8301,1225.9082,1233.0659,1236.5068,1248.742,1240.0653,1242.4506,1239.645,1237.3295,1244.483,1245.5172,1242.4822,1241.0388,1237.4269,1243.8429,1245.2672,1255.8981,1260.545,1260.2695,1239.6823,1229.3224,1226.576,1246.7081,1248.9595,1259.9668,1268.5936,1269.6433,1247.4009,1232.2345,1214.202,1246.7875,1257.1161,1258.2269,1259.8131,1260.6294,1247.4934,1229.0985,1215.4906,1249.18,1257.4359,1263.3939,1261.3317,1255.316,1246.0209,1231.9222,1223.9098,5/27/2021
57,1266.6788,1259.9141,1253.5663,1260.7854,1271.8048,1280.1505,1285.9155,1280.9943,1276.3304,1266.8665,1259.4434,1274.1047,1285.2815,1291.5564,1290.9656,1284.7224,1293.2194,1283.8494,1275.5547,1285.9585,1291.1174,1292.8046,1305.3356,1293.3246,1313.443,1304.1901,1302.5371,1306.5956,1308.7097,1300.9971,1309.6628,1302.8474,1326.6437,1314.2013,1319.4456,1319.7981,1319.5063,1308.612,1289.1141,1295.8535,1322.3613,1322.099,1329.6887,1339.9323,1336.7708,1318.3047,1295.2307,1286.5618,1321.2607,1322.5338,1326.0204,1329.805,1325.4683,1308.2821,1289.7876,1281.4697,1322.105,1326.4386,1328.2649,1329.8573,1321.9938,1309.9666,1292.7258,1283.0234,5/28/2021
58,1069.8054,1069.2393,1074.5753,1091.5038,1104.0588,1103.9905,1113.8392,1115.2413,1076.2219,1074.7377,1079.156,1100.9094,1119.2765,1118.3466,1120.796,1121.4958,1078.9402,1078.171,1087.9729,1108.8546,1133.3081,1132.6317,1143.6132,1129.9015,1093.4734,1086.5779,1099.3434,1124.5323,1151.4247,1156.5228,1161.1912,1140.8202,1099.2041,1105.3713,1125.2744,1146.5509,1168.6096,1172.7311,1161.3435,1140.8431,1098.8391,1104.5774,1131.49,1160.9746,1182.9812,1174.757,1160.9512,1138.1184,1100.3859,1113.0413,1137.6473,1163.2693,1178.0204,1175.6824,1158.2501,1145.6163,1103.3151,1121.9229,1141.9844,1159.4401,1169.6323,1168.9113,1160.5013,1155.6428,5/29/2021
59,1155.1396,1156.1924,1165.7642,1193.005,1213.074,1224.7146,1238.8278,1243.9832,1154.2712,1155.3638,1169.3883,1208.1516,1237.9833,1237.4663,1246.8763,1250.1339,1151.5371,1154.3086,1176.4316,1219.3027,1259.245,1266.7632,1289.1945,1277.432,1164.3486,1160.6937,1182.039,1228.2428,1279.3757,1313.5203,1320.4768,1298.7113,1170.1013,1171.1062,1205.6425,1246.7892,1300.5645,1338.6757,1332.2748,1304.9934,1169.1093,1174.0079,1211.561,1261.8967,1308.0044,1335.5902,1320.2294,1291.1327,1162.1416,1178.8512,1219.2983,1250.7769,1287.6287,1316.3876,1304.7076,1284.6907,1162.2422,1184.7056,1217.8652,1246.8353,1274.7526,1297.9645,1294.2456,1290.5525,5/30/2021
60,1143.1571,1137.6023,1140.204,1148.9667,1161.934,1156.5377,1142.5376,1137.6902,1150.3452,1149.987,1151.3171,1166.8154,1174.1299,1159.639,1151.5684,1141.8326,1162.6549,1160.7273,1164.635,1179.2753,1190.3594,1172.2583,1162.7411,1155.2831,1174.9398,1171.7831,1169.0417,1191.3301,1200.7905,1193.3138,1182.6417,1167.0205,1176.5579,1179.489,1184.8059,1206.7092,1218.6514,1205.3433,1184.6835,1174.8499,1161.4796,1170.0245,1197.4607,1211.3082,1222.4694,1209.03,1192.3812,1181.0872,1153.8241,1163.6935,1185.6603,1207.896,1214.3154,1210.0176,1194.0042,1181.9612,1156.3071,1167.5562,1188.0657,1197.2365,1207.5487,1204.7665,1191.7263,1189.0428,5/31/2021
61,1138.1882,1137.116,1138.1422,1132.0195,1127.6215,1101.8387,1074.8362,1063.724,1136.7158,1138.9164,1142.112,1132.8597,1120.497,1089.4713,1073.4419,1067.3744,1143.0453,1141.9375,1149.0741,1144.5717,1129.5217,1088.0358,1062.0227,1070.8551,1151.7264,1149.5415,1152.4979,1143.0336,1124.1222,1090.5237,1078.5275,1077.0253,1152.5852,1159.0425,1159.906,1145.0248,1122.8367,1101.4534,1083.4691,1088.3949,1148.4156,1151.6655,1160.743,1139.027,1128.0044,1110.2252,1094.4965,1096.6259,1140.9968,1143.7477,1149.8602,1138.7714,1124.6766,1117.4509,1108.0143,1105.885,1143.84,1144.8124,1144.8107,1133.1997,1123.5079,1117.1914,1112.3827,1112.6266,6/1/2021
62,1133.9731,1136.494,1134.2665,1140.0719,1149.2678,1153.1497,1155.5756,1156.4786,1130.3948,1133.63,1134.805,1141.7645,1147.3843,1149.5962,1159.902,1163.743,1130.6471,1131.1632,1132.5839,1145.62,1149.4778,1153.1935,1162.4347,1164.9436,1139.7463,1135.1957,1133.7435,1144.1786,1142.9463,1152.5814,1169.2512,1170.1494,1147.3351,1148.3234,1149.5876,1146.006,1152.1064,1158.3472,1164.1364,1167.5217,1144.7866,1142.4128,1160.4292,1152.6635,1153.0278,1151.975,1153.655,1156.9056,1141.559,1140.0052,1155.9037,1153.4609,1143.7664,1152.7776,1154.3956,1147.7676,1140.2303,1142.2015,1149.5046,1143.5671,1145.4531,1149.0541,1146.1067,1148.1145,6/2/2021
63,1122.2278,1125.4199,1131.0701,1135.703,1139.3492,1150.7689,1154.8717,1155.5809,1114.9277,1122.385,1131.6387,1137.901,1144.1047,1156.4601,1158.2227,1158.2594,1110.6539,1115.4286,1120.7931,1131.9812,1151.6108,1160.8738,1174.0726,1166.7646,1104.2767,1108.4384,1114.411,1122.8704,1141.8345,1169.8878,1178.6755,1176.2533,1100.044,1105.8246,1105.8793,1112.3353,1133.9614,1163.9779,1171.2518,1171.1814,1095.4615,1101.0369,1097.498,1100.2739,1124.3712,1154.2959,1165.5084,1166.8119,1091.6792,1094.1774,1097.1108,1103.1998,1116.8356,1151.0944,1157.3531,1161.7957,1091.1373,1091.7151,1092.3325,1097.1989,1118.6774,1137.9514,1146.014,1159.678,6/3/2021
64,1130.1113,1127.8494,1113.3258,1098.9518,1075.0698,1058.3707,1064.2278,1083.2139,1131.863,1133.0529,1124.0876,1096.2969,1072.4258,1062.3794,1073.4757,1088.315,1133.442,1133.4529,1124.7333,1103.5981,1083.0546,1075.4672,1082.0999,1102.617,1135.463,1132.2289,1126.6322,1105.1316,1084.6664,1086.9124,1100.6027,1113.7025,1145.5405,1146.8812,1133.343,1117.6094,1098.0579,1110.9711,1114.3545,1120.6007,1148.3386,1152.4106,1151.0121,1128.1664,1121.3771,1129.5609,1131.3815,1125.4398,1138.7286,1146.5775,1146.4248,1141.2169,1135.9885,1146.6294,1140.5737,1124.9784,1139.0856,1143.2079,1144.6613,1137.3027,1142.2089,1146.5593,1138.7396,1134.9346,6/4/2021
65,1083.0208,1081.0775,1075.58,1076.8799,1064.0648,1066.3455,1076.8232,1094.726,1090.5292,1091.0278,1084.206,1077.643,1070.878,1070.8885,1085.093,1100.2673,1092.808,1093.3292,1085.1338,1077.2885,1079.8776,1084.2682,1094.157,1103.9412,1090.0619,1085.1908,1075.357,1071.1172,1076.0934,1078.9009,1090.9528,1108.2864,1085.6708,1082.9703,1076.2063,1069.6058,1073.6727,1085.1299,1090.1877,1103.8433,1077.816,1076.1185,1073.9374,1073.9163,1079.8458,1100.443,1109.3792,1112.7734,1077.4913,1080.9022,1071.0763,1080.965,1091.9937,1104.4386,1116.5027,1115.5833,1077.9725,1075.6702,1077.068,1076.509,1083.2179,1095.9646,1104.9456,1111.7445,6/5/2021
66,1108.8661,1111.3796,1114.5027,1119.4664,1120.9513,1146.8201,1166.62,1172.3748,1099.5974,1107.7372,1111.4589,1115.3905,1122.4768,1151.5886,1176.2448,1178.4939,1097.865,1101.72,1097.8314,1104.1884,1124.6857,1156.7717,1184.5607,1189.7192,1091.3857,1093.5127,1083.3964,1084.081,1100.9304,1132.5209,1165.8687,1186.9392,1083.1178,1082.6622,1075.2291,1065.4071,1088.3503,1122.5089,1143.2393,1165.2369,1081.4993,1074.5854,1062.647,1050.5431,1067.4406,1113.6085,1129.2205,1150.3623,1087.8073,1072.7522,1060.9662,1048.6384,1064.7834,1092.2062,1116.0217,1134.494,1083.6702,1074.8921,1063.8153,1050.3978,1055.7789,1077.0063,1098.8713,1111.1681,6/6/2021
67,1120.4891,1120.957,1114.9908,1119.7474,1110.4977,1114.9143,1136.0989,1145.1731,1133.4391,1130.0955,1120.9513,1111.0206,1110.2764,1122.0653,1140.5537,1150.9951,1136.0483,1139.1635,1130.107,1119.8585,1118.3031,1139.8048,1149.5009,1162.5157,1143.9232,1137.5496,1136.8145,1125.7173,1131.8872,1145.2825,1152.1337,1168.3008,1145.1733,1145.1974,1143.9036,1137.118,1137.6818,1150.8226,1150.9302,1160.6316,1148.1448,1145.8708,1144.9406,1144.2552,1151.5215,1161.2775,1156.9506,1158.7314,1149.6953,1150.2424,1139.9781,1145.5737,1158.9783,1165.1938,1165.068,1159.4349,1149.7584,1149.1141,1144.0455,1148.6848,1157.5466,1163.6926,1165.1521,1161.0714,6/7/2021
68,1203.9946,1208.0995,1198.669,1189.9486,1182.2281,1189.01,1197.4912,1195.2494,1209.9752,1207.9866,1203.8436,1195.347,1196.6411,1206.7831,1206.5591,1202.7091,1212.0736,1216.4116,1208.621,1198.8727,1209.8843,1235.1959,1231.6167,1223.1293,1216.4515,1216.4803,1211.4498,1211.2568,1230.6115,1246.5382,1242.0135,1235.3118,1219.6106,1219.7426,1214.911,1210.4495,1234.324,1245.0275,1240.0377,1238.1752,1216.5059,1220.4862,1212.1665,1213.9421,1238.2577,1250.131,1240.5599,1228.1898,1214.4965,1213.9219,1204.688,1210.0356,1226.719,1237.3857,1232.8969,1227.3549,1214.3055,1210.5204,1208.7189,1211.9662,1222.5594,1229.6837,1227.0808,1224.7863,6/8/2021
69,1213.0562,1219.3995,1220.9865,1231.4012,1240.5514,1249.4994,1253.6606,1245.861,1212.7943,1216.8578,1224.0438,1235.427,1251.2216,1257.8389,1258.1897,1254.366,1219.7415,1222.7754,1227.4634,1241.0868,1269.6715,1287.0449,1284.9518,1267.6005,1228.746,1227.7959,1235.3994,1258.577,1295.483,1310.4521,1290.849,1275.0356,1223.3501,1228.6698,1239.8635,1266.702,1307.3038,1315.3231,1285.3129,1273.916,1221.5973,1227.9607,1240.6577,1264.146,1306.7589,1311.702,1286.0618,1261.2668,1222.7631,1233.6875,1241.6212,1258.9589,1289.689,1290.7566,1280.1597,1262.071,1223.5786,1235.3647,1245.426,1263.733,1280.1174,1283.8915,1273.0076,1267.2549,6/9/2021
70,1168.2915,1169.2112,1168.0352,1189.8555,1207.763,1235.8771,1279.3539,1294.1501,1179.8472,1173.9216,1175.8286,1200.2312,1231.8055,1260.9066,1288.6418,1298.6708,1185.5363,1185.3903,1189.6149,1215.5126,1258.1583,1304.6588,1329.2428,1318.8455,1204.5164,1197.9961,1210.3333,1241.4674,1294.919,1339.6749,1350.178,1332.6475,1215.0796,1214.4419,1234.5032,1265.518,1317.0272,1362.4607,1359.5438,1333.0532,1221.1023,1223.2806,1248.371,1289.286,1339.1729,1368.7064,1354.758,1322.398,1221.0178,1235.1793,1258.5165,1289.9703,1328.852,1344.236,1340.2954,1317.5109,1222.0927,1239.2382,1266.1046,1291.2933,1313.2858,1326.951,1331.8258,1323.5677,6/10/2021
71,1207.4519,1204.8197,1207.6469,1212.2491,1217.1907,1223.2183,1226.5968,1222.8961,1214.9768,1213.1207,1212.9852,1220.5382,1225.6842,1237.2941,1233.3164,1230.712,1228.7672,1228.436,1223.8301,1225.9082,1233.0659,1236.5068,1248.742,1240.0653,1242.4506,1239.645,1237.3295,1244.483,1245.5172,1242.4822,1241.0388,1237.4269,1243.8429,1245.2672,1255.8981,1260.545,1260.2695,1239.6823,1229.3224,1226.576,1246.7081,1248.9595,1259.9668,1268.5936,1269.6433,1247.4009,1232.2345,1214.202,1246.7875,1257.1161,1258.2269,1259.8131,1260.6294,1247.4934,1229.0985,1215.4906,1249.18,1257.4359,1263.3939,1261.3317,1255.316,1246.0209,1231.9222,1223.9098,6/11/2021
72,1266.6788,1259.9141,1253.5663,1260.7854,1271.8048,1280.1505,1285.9155,1280.9943,1276.3304,1266.8665,1259.4434,1274.1047,1285.2815,1291.5564,1290.9656,1284.7224,1293.2194,1283.8494,1275.5547,1285.9585,1291.1174,1292.8046,1305.3356,1293.3246,1313.443,1304.1901,1302.5371,1306.5956,1308.7097,1300.9971,1309.6628,1302.8474,1326.6437,1314.2013,1319.4456,1319.7981,1319.5063,1308.612,1289.1141,1295.8535,1322.3613,1322.099,1329.6887,1339.9323,1336.7708,1318.3047,1295.2307,1286.5618,1321.2607,1322.5338,1326.0204,1329.805,1325.4683,1308.2821,1289.7876,1281.4697,1322.105,1326.4386,1328.2649,1329.8573,1321.9938,1309.9666,1292.7258,1283.0234,6/12/2021
73,1069.8054,1069.2393,1074.5753,1091.5038,1104.0588,1103.9905,1113.8392,1115.2413,1076.2219,1074.7377,1079.156,1100.9094,1119.2765,1118.3466,1120.796,1121.4958,1078.9402,1078.171,1087.9729,1108.8546,1133.3081,1132.6317,1143.6132,1129.9015,1093.4734,1086.5779,1099.3434,1124.5323,1151.4247,1156.5228,1161.1912,1140.8202,1099.2041,1105.3713,1125.2744,1146.5509,1168.6096,1172.7311,1161.3435,1140.8431,1098.8391,1104.5774,1131.49,1160.9746,1182.9812,1174.757,1160.9512,1138.1184,1100.3859,1113.0413,1137.6473,1163.2693,1178.0204,1175.6824,1158.2501,1145.6163,1103.3151,1121.9229,1141.9844,1159.4401,1169.6323,1168.9113,1160.5013,1155.6428,6/13/2021
74,1155.1396,1156.1924,1165.7642,1193.005,1213.074,1224.7146,1238.8278,1243.9832,1154.2712,1155.3638,1169.3883,1208.1516,1237.9833,1237.4663,1246.8763,1250.1339,1151.5371,1154.3086,1176.4316,1219.3027,1259.245,1266.7632,1289.1945,1277.432,1164.3486,1160.6937,1182.039,1228.2428,1279.3757,1313.5203,1320.4768,1298.7113,1170.1013,1171.1062,1205.6425,1246.7892,1300.5645,1338.6757,1332.2748,1304.9934,1169.1093,1174.0079,1211.561,1261.8967,1308.0044,1335.5902,1320.2294,1291.1327,1162.1416,1178.8512,1219.2983,1250.7769,1287.6287,1316.3876,1304.7076,1284.6907,1162.2422,1184.7056,1217.8652,1246.8353,1274.7526,1297.9645,1294.2456,1290.5525,6/14/2021
75,1143.1571,1137.6023,1140.204,1148.9667,1161.934,1156.5377,1142.5376,1137.6902,1150.3452,1149.987,1151.3171,1166.8154,1174.1299,1159.639,1151.5684,1141.8326,1162.6549,1160.7273,1164.635,1179.2753,1190.3594,1172.2583,1162.7411,1155.2831,1174.9398,1171.7831,1169.0417,1191.3301,1200.7905,1193.3138,1182.6417,1167.0205,1176.5579,1179.489,1184.8059,1206.7092,1218.6514,1205.3433,1184.6835,1174.8499,1161.4796,1170.0245,1197.4607,1211.3082,1222.4694,1209.03,1192.3812,1181.0872,1153.8241,1163.6935,1185.6603,1207.896,1214.3154,1210.0176,1194.0042,1181.9612,1156.3071,1167.5562,1188.0657,1197.2365,1207.5487,1204.7665,1191.7263,1189.0428,6/15/2021
76,1190.7863,1184.0037,1173.1558,1152.8672,1136.4366,1088.3782,1045.3916,1042.0035,1194.676,1195.6332,1182.5001,1172.5187,1135.2979,1096.0985,1052.9902,1040.2872,1215.3925,1208.2295,1201.5682,1199.1483,1161.88,1104.2915,1046.6498,1040.1356,1231.6417,1226.4136,1215.5643,1218.9001,1186.5748,1125.3646,1062.1973,1048.9323,1226.9353,1230.4242,1235.3649,1235.5532,1189.9126,1113.8145,1079.5538,1066.7631,1216.4784,1225.1697,1239.7538,1238.6046,1201.3446,1139.9744,1100.5521,1082.737,1215.0522,1225.2372,1228.323,1228.4825,1199.5194,1160.8176,1123.9498,1097.9507,1221.2972,1223.5535,1216.1787,1219.8889,1196.7284,1166.3881,1141.9932,1124.2935,6/16/2021
77,1106.0586,1104.4777,1097.8175,1092.0231,1110.3774,1128.8545,1147.4985,1144.4473,1105.1274,1103.7666,1100.9116,1109.5713,1125.1407,1146.0173,1149.1458,1145.4521,1106.6483,1097.3768,1094.3265,1110.6088,1138.8428,1161.3146,1176.9304,1169.6666,1097.517,1095.9817,1087.8156,1108.4788,1134.5518,1171.4347,1191.0436,1186.8353,1101.3671,1097.362,1092.0718,1102.0684,1128.3727,1167.923,1188.5916,1193.2925,1114.7181,1102.486,1096.4862,1093.4427,1124.9863,1155.2942,1172.0585,1170.9893,1110.734,1094.9436,1099.9185,1089.592,1102.835,1130.3417,1147.4274,1154.3239,1105.8887,1096.0024,1094.4364,1091.3438,1111.5388,1126.2952,1134.3481,1142.7977,6/17/2021
78,1031.3723,1042.1846,1058.1041,1069.8304,1074.7307,1090.9706,1101.4401,1100.9644,1014.16077,1030.6544,1051.7473,1069.6576,1076.5696,1093.3389,1106.8002,1106.6464,1003.34827,1010.17004,1035.4238,1054.973,1077.4802,1096.1973,1121.8527,1106.4752,1009.82196,1014.47815,1023.81604,1029.9462,1066.792,1105.3971,1116.7964,1099.6874,995.8459,1004.3214,1017.3269,1023.6966,1050.1929,1086.2578,1088.6445,1076.4982,988.8996,997.7158,1006.3714,1010.0259,1034.9703,1058.319,1056.2966,1056.78,992.1245,1001.8911,1015.94507,1015.0521,1024.8057,1038.1556,1036.0896,1039.3884,996.69635,1007.14954,1012.713,1020.47107,1026.6207,1029.2318,1025.4062,1029.987,6/18/2021
79,1059.4736,1054.4467,1058.9371,1074.6628,1093.7744,1108.2659,1139.5842,1156.3606,1058.7356,1058.93,1068.0966,1092.4033,1116.022,1121.6093,1147.4552,1154.8228,1046.1024,1045.9165,1064.5934,1102.7725,1142.0734,1155.697,1176.6841,1174.9187,1036.8103,1039.2203,1052.4817,1091.7949,1143.0682,1168.3135,1194.5138,1199.8643,1030.367,1039.5927,1048.6512,1084.5455,1136.75,1193.9761,1208.8766,1205.7959,1034.0343,1029.9012,1054.3048,1081.1353,1133.0453,1190.0515,1206.2028,1215.7772,1034.2958,1032.7054,1063.9287,1080.1296,1117.1239,1165.4734,1192.2927,1208.309,1030.2684,1037.3469,1058.3503,1075.7783,1113.0013,1149.3499,1172.8774,1185.536,6/19/2021
80,1133.8767,1136.5144,1136.1461,1127.4437,1101.9786,1081.3231,1054.1538,1043.9775,1143.6991,1149.6586,1144.5605,1128.7927,1098.6526,1083.7949,1051.5189,1046.0812,1159.7257,1155.2166,1156.5421,1134.1704,1104.8438,1076.6312,1054.236,1047.412,1164.3441,1165.8441,1157.5917,1145.7562,1117.1338,1092.9988,1063.4065,1048.771,1151.1425,1157.7804,1158.7616,1157.4243,1136.3625,1099.1459,1078.9154,1057.0875,1147.4314,1151.312,1160.6814,1149.2894,1145.5579,1109.7075,1076.1947,1068.8795,1145.1366,1148.3282,1150.4758,1135.338,1132.4506,1126.4957,1099.1836,1087.3629,1144.534,1144.6228,1139.8901,1140.3779,1138.9352,1125.1444,1107.8575,1105.1858,6/20/2021
81,1108.3883,1094.2444,1086.8416,1076.9786,1064.0903,1051.8864,1072.1206,1099.6847,1120.7104,1109.4141,1096.0916,1082.0758,1081.2264,1063.2548,1085.7866,1102.9265,1121.5055,1111.5858,1103.8092,1097.2849,1096.8502,1095.872,1100.5636,1121.5232,1115.8242,1109.474,1104.0972,1099.372,1102.5573,1107.8076,1129.4446,1144.7584,1116.9056,1109.7174,1099.6531,1096.7529,1124.9346,1139.3226,1149.0554,1163.9442,1120.6182,1111.6884,1108.5262,1103.1693,1124.668,1154.105,1159.8702,1180.046,1110.7233,1106.3773,1117.6692,1109.1396,1123.3617,1154.129,1170.8501,1182.1945,1108.1984,1102.3912,1109.5348,1114.9412,1125.4125,1146.3832,1164.3136,1168.6332,6/21/2021
82,1093.5502,1090.1747,1078.272,1070.5897,1039.6267,994.34045,960.94025,939.78265,1116.0394,1109.3014,1098.0698,1065.468,1036.191,991.2086,952.88885,947.2626,1129.1324,1125.0166,1122.8767,1092.9644,1054.1257,999.10736,955.5177,945.6571,1137.5768,1128.9403,1128.3254,1119.608,1068.7428,1017.4604,969.92755,964.6862,1134.3738,1138.0354,1143.3259,1146.6412,1104.1566,1035.8344,1003.38776,995.91296,1135.2999,1134.7733,1154.4318,1145.7589,1129.8553,1070.7415,1042.1694,1024.1377,1125.1317,1138.1863,1143.0253,1151.1991,1145.9603,1111.1683,1077.7443,1050.3298,1129.0819,1135.2708,1141.2101,1145.0938,1145.2004,1125.3805,1103.9722,1088.7253,6/22/2021
83,1137.4143,1134.8527,1130.5157,1133.174,1129.0068,1128.4481,1147.8767,1180.8431,1146.4963,1140.2485,1134.8954,1148.2146,1154.1647,1152.2874,1166.2109,1184.5697,1143.7101,1138.0386,1139.4865,1162.5354,1185.2294,1211.5759,1210.4939,1209.7095,1143.2485,1138.6777,1141.3717,1170.5216,1219.3616,1259.3163,1257.1656,1238.6694,1144.8264,1137.044,1149.6176,1178.9442,1240.9578,1286.6414,1291.281,1267.6917,1148.9252,1146.5242,1161.5358,1193.5471,1250.7,1299.0149,1297.0342,1267.5288,1142.9872,1159.9623,1178.6494,1197.4398,1246.501,1282.8125,1283.1464,1262.4176,1142.6372,1152.7169,1174.6475,1201.4867,1231.3054,1262.9281,1271.0688,1268.7214,6/23/2021
84,996.00793,994.41626,987.1727,994.0454,999.13763,1005.79193,991.0587,978.638,1000.6425,1001.30365,996.9858,997.9355,997.4986,1018.17975,995.16974,979.3282,1015.15204,1014.99615,1002.34424,998.9145,1005.9637,1018.0695,997.16797,978.20123,1014.62036,1014.97473,1001.7108,1004.5146,1001.2725,1005.473,983.2119,972.5106,1004.2052,1003.01416,995.0286,1002.4311,998.9687,990.9386,973.1299,969.73694,994.661,990.4957,993.62506,994.11664,1003.70197,985.48236,973.079,976.0875,995.9684,988.8277,986.70636,997.5361,997.1357,974.7591,964.49133,968.37585,997.5125,993.76855,993.9841,996.30444,995.6968,981.4684,970.3635,966.1968,6/24/2021
85,1102.533,1103.34,1099.0525,1085.4565,1067.5131,1079.6381,1095.8998,1110.2079,1100.8864,1104.0809,1097.1594,1093.3446,1083.9968,1105.7002,1104.725,1109.9447,1101.1349,1093.6338,1091.5653,1094.1536,1093.4617,1115.3307,1115.69,1125.5327,1096.1074,1098.3533,1090.8285,1078.2186,1102.3506,1118.8634,1125.526,1124.1921,1098.1073,1093.9436,1086.4,1078.6493,1098.9467,1119.9954,1116.02,1113.1399,1101.2009,1101.1252,1081.8079,1080.4254,1092.8672,1117.9235,1115.0101,1109.9388,1102.615,1098.0187,1090.7034,1065.0558,1082.1665,1094.0944,1103.2268,1103.2628,1098.2148,1095.4275,1083.1957,1075.6522,1073.875,1082.6982,1093.8458,1098.4524,6/25/2021
86,1013.9447,1009.4599,1006.43445,1017.80084,1046.9655,1064.2338,1055.7314,1047.9025,1021.26,1021.7199,1021.3008,1036.8295,1054.4451,1065.3993,1063.3529,1052.8342,1024.202,1031.1959,1036.4792,1047.8165,1075.6826,1082.75,1075.0929,1055.4459,1007.60297,1013.5306,1032.8674,1063.828,1082.3724,1074.8998,1064.6095,1059.9072,991.8796,995.031,1014.5981,1054.0724,1071.2306,1066.0205,1057.4052,1057.6146,983.98865,982.4455,1003.9972,1041.5927,1057.4845,1060.1725,1072.9412,1060.5491,987.37695,990.8237,1010.54083,1045.1586,1061.8351,1052.7571,1057.1049,1058.2843,989.7401,996.6031,1021.1283,1034.7308,1050.0172,1052.2667,1057.7693,1058.0983,6/26/2021
87,1049.4187,1054.1656,1052.2207,1041.7959,1028.6938,1042.6964,1056.4965,1063.3628,1053.4679,1051.2368,1051.3168,1048.3187,1046.846,1057.3599,1068.0331,1069.1558,1053.0604,1052.706,1049.5001,1045.4786,1052.4232,1076.4928,1083.9459,1081.859,1049.7748,1056.1143,1053.4686,1044.1615,1062.1516,1088.4824,1090.337,1081.6088,1058.211,1060.0801,1058.7439,1045.6953,1071.488,1091.0872,1085.7816,1064.5834,1069.2003,1072.53,1062.2407,1053.2262,1064.0438,1090.0553,1077.6969,1066.41,1068.2334,1067.8995,1068.657,1049.0344,1063.5826,1072.8131,1068.0654,1062.7941,1064.8688,1068.2213,1060.497,1058.6805,1061.8663,1066.4019,1066.4484,1064.6162,6/27/2021
88,879.95306,872.3295,871.35187,902.4941,943.3356,964.6805,971.96704,964.71454,899.0412,888.0056,889.1598,912.5646,944.4758,961.11316,971.8697,968.0023,905.64166,898.8895,913.5115,935.4583,965.77124,989.54846,978.6959,976.06226,911.0292,902.401,922.0009,956.7699,995.3216,1011.06903,992.4899,981.3445,917.49634,924.63165,943.9721,975.38556,996.70575,1017.18445,1007.44293,989.4405,931.5976,932.73004,956.5185,985.383,1007.6586,1013.6807,1013.3148,990.0389,937.1821,944.6507,974.69885,1002.5157,1024.2462,1013.5878,995.9051,992.3497,938.751,954.1203,977.34357,999.34845,1022.4656,1017.168,1006.8766,996.8106,6/28/2021
89,1115.028,1115.0916,1113.7654,1118.1064,1115.7899,1107.1997,1081.185,1060.8068,1128.2574,1127.9369,1131.6731,1145.3273,1152.1293,1126.6708,1089.3373,1068.9949,1133.2739,1134.9153,1153.6129,1178.2836,1192.4011,1171.1284,1133.9906,1096.9464,1129.3014,1132.0432,1161.4232,1193.569,1224.8857,1218.6576,1173.0093,1132.7844,1142.7546,1148.751,1172.4088,1207.6172,1235.608,1229.1199,1199.1654,1160.0927,1146.5205,1150.6849,1190.306,1220.953,1243.5043,1237.2249,1209.603,1170.254,1131.0377,1148.7888,1190.978,1213.9875,1229.5781,1216.3561,1198.7283,1176.3866,1129.5975,1148.4543,1173.5175,1205.4933,1215.1228,1210.8566,1199.132,1191.0103,6/29/2021
90,1020.5366,1020.1567,1029.9348,1067.2839,1109.7428,1134.2593,1138.4088,1133.7826,1013.2446,1021.97455,1039.6245,1084.522,1121.5607,1139.3916,1136.854,1138.0858,995.5467,1012.10583,1040.1731,1083.547,1128.912,1158.6561,1163.0894,1149.2671,985.68726,997.7879,1028.2618,1084.6078,1140.8467,1168.6722,1178.2086,1148.5166,979.7466,988.4851,1020.8815,1075.1831,1132.3058,1161.2316,1156.912,1140.152,975.40265,986.93353,1018.3534,1058.6229,1107.8533,1142.9773,1140.8583,1127.1667,981.1551,998.5713,1034.4987,1065.0979,1094.7252,1116.3024,1114.5837,1109.1554,986.0856,1005.8062,1039.4392,1062.4915,1090.4232,1103.5779,1103.1829,1110.8793,6/30/2021
