5/11/2018,2.230376558,2.833215985,3.445481998,2.397926874
5/13/2018,0.541028639,0.541028639,0.541028639,0.746421283
5/20/2018,0.789718033,0.879237341,1.22827827,1.336728164
5/25/2018,1.064077005,1.215185839,1.321320306,1.246204338
5/26/2018,0.652876915,0.87301145,1.695857645,2.917818492
5/27/2018,0.504380223,0.807063334,1.245249587,1.766603964
5/29/2018,1.070152721,1.070152721,0.935698481,0.801244314
6/2/2018,0.663356259,0.745708749,0.675576375,0.605452042
6/3/2018,0.603917651,0.603917651,0.548432654,0.559271248
6/6/2018,2.026603761,2.736181195,1.74695364,0.930948518
6/12/2018,0.950788599,1.021062271,2.219822491,2.933314536
6/13/2018,1.045020326,1.045020326,1.757577411,2.765474201
6/16/2018,0.320156214,0.348444446,0.419155112,0.482780488
6/17/2018,0.190943738,0.139411704,0.223270308,0.245648607
6/18/2018,0.276713381,0.357379067,0.556070336,0.643235544
6/20/2018,1.19264274,1.433926955,1.675211097,0.881138476
6/21/2018,0.951942275,1.037652328,1.669382473,3.808636393
6/22/2018,1.376344153,1.28699452,1.274259266,1.164919231
6/24/2018,0.658874633,0.686386629,0.713898553,0.757578673
6/25/2018,1.245279273,1.245279273,1.245279273,1.088511272
6/26/2018,0.731917899,1.57789269,3.232073504,2.648285008
6/27/2018,1.152171462,1.460235071,1.125926428,0.945061038
6/28/2018,0.793880172,0.92396047,0.911036332,0.94712319
6/29/2018,2.579262364,2.579262364,2.181529853,1.783797343
6/30/2018,0.41762949,0.41762949,0.41762949,0.41762949
7/1/2018,0.435387556,0.329368268,0.487356447,0.584552799
7/2/2018,0.63929554,0.769013714,1.004236328,1.448407274
7/4/2018,1.003996294,1.172091143,1.198146783,1.110348676
7/5/2018,0.141050559,0.141050559,0.141050559,0.095130154
7/6/2018,0.26187814,0.26187814,0.38521317,0.508548183
7/7/2018,0.422118937,0.514837375,0.697155483,0.88350338
7/8/2018,1.964442927,0.949848618,1.209592301,3.32560885
7/10/2018,0.204635708,0.654073592,0.654073592,0.654073592
7/11/2018,0.790954,0.790954,0.790296908,0.789639889
7/12/2018,1.037206312,1.23773847,1.729581272,2.326439135
7/13/2018,0.908726361,0.571713535,0.472224056,0.564228794
7/14/2018,0.653285315,0.827599506,0.791171187,0.497974761
7/15/2018,0.703705591,0.703705591,0.63395586,0.440519143
7/16/2018,0.518637717,0.518637717,0.518637717,0.554255894
7/17/2018,0.89001398,0.89001398,0.940910322,0.852287048
7/18/2018,0.752098567,1.211675844,1.654207299,1.44215519
7/20/2018,1.321971358,1.409446704,1.346149947,1.195377845
7/21/2018,0.932059702,0.932059702,1.133777696,1.335495617
7/22/2018,1.018132971,1.018132971,0.846768162,0.801656133
7/23/2018,1.258876146,1.096994456,0.52857933,0.460144729
7/24/2018,0.551463891,0.656520133,1.354030683,0.789666447
7/25/2018,0.873777608,0.859912252,0.667187633,0.884444307
7/26/2018,0.61729741,0.61729741,0.58247344,0.479807859
7/27/2018,0.647553679,0.647553679,0.634904718,0.630083377
7/28/2018,0.651385999,0.84004947,0.853542588,0.804041774
7/29/2018,0.458377981,0.472676402,0.469982951,0.511867984
7/30/2018,0.615208992,0.699438751,0.984400103,1.877091127
7/31/2018,0.773671636,0.896515485,0.896515485,1.765115594
8/1/2018,0.515904358,0.515904358,0.515904358,0.746119986
8/2/2018,0.33498447,0.386581487,0.485861892,0.537636515
8/3/2018,0.412224326,0.444163961,0.50752933,1.008655672
8/4/2018,0.44351189,0.909062073,1.252520451,2.433477785
8/5/2018,0.810381025,0.913878393,1.192643322,1.31868801
8/6/2018,0.838725391,0.913661934,0.794418593,0.599283449
8/7/2018,0.594537705,0.594537705,0.517476219,0.484219308
8/8/2018,0.415372888,0.336451594,0.305788344,0.382603866
8/9/2018,1.916031179,1.514611067,0.901031017,0.622617445
8/10/2018,0.651746595,0.758497408,0.963767525,1.043699667
8/11/2018,1.134481354,1.134481354,1.302786113,1.451543794
8/12/2018,1.014765585,1.014765585,1.036206886,1.050958745
8/14/2018,0.4589522,0.659424695,0.738392409,0.669303699
8/17/2018,0.77652272,0.77652272,0.77652272,0.643298335
8/19/2018,2.109479392,2.043496061,1.586631115,1.60177995
8/23/2018,0.549487304,0.545350704,0.541214067,0.695981726
8/26/2018,0.352121351,0.335582772,0.278159605,0.34580713
8/27/2018,0.387757827,0.544920949,0.544920949,0.702084071
8/29/2018,0.382993276,0.485512792,0.564815564,0.812610597
8/30/2018,1.055599641,1.21876139,0.937362347,1.20517223
8/31/2018,0.98214914,1.069903883,1.641463896,1.630984625
9/1/2018,0.489886443,0.489886443,0.637447665,0.63296131
9/2/2018,1.594939968,1.594939968,1.759995357,1.925050747
9/7/2018,0.867138297,0.871460943,0.875783517,0.697495634
9/8/2018,0.469990737,0.468111757,0.466232741,0.443604804
9/10/2018,1.198465252,1.053132291,0.571006603,0.324299326
9/11/2018,0.690129527,1.012726352,2.197645372,2.194719273
9/12/2018,0.526539661,0.526539661,0.876921258,1.227302855
9/13/2018,2.072445495,2.072445495,2.072445495,2.015577338
9/14/2018,0.790136401,0.742571574,1.330619853,1.696013787
9/15/2018,0.659386496,0.532353006,0.428575331,0.400765566
9/16/2018,0.291987126,0.31847987,0.324464636,0.55588418
9/17/2018,0.362837018,0.36069232,0.415154245,0.449361542
9/18/2018,0.452314962,0.515041902,0.572937133,0.621947547
9/19/2018,0.691222231,0.691222231,1.093902683,1.343244803
9/20/2018,0.472705105,0.643173043,1.095261396,1.158889136
9/21/2018,0.591718162,0.52511281,0.438245552,0.377165125
9/22/2018,0.896094425,0.641693405,0.385103594,0.544282593
9/28/2018,0.999288241,1.130449673,1.130449673,1.261611178
10/3/2018,2.777233894,2.247110533,2.247110533,1.14366776
10/4/2018,0.621910876,0.621910876,0.68728652,0.752662163
10/7/2018,0.600023086,0.795983724,1.242706639,2.310840791
10/9/2018,0.918079386,0.918079386,0.904458138,0.890836891
10/10/2018,0.822672882,0.822672882,0.938688609,0.978563767
10/11/2018,0.601746651,0.461291638,0.449206382,0.398782031
10/12/2018,0.769369217,0.926484936,1.088615245,0.888798313
10/14/2018,0.648327768,0.678459764,0.678459764,0.681452511
10/16/2018,0.562806636,0.594004377,0.574378282,0.538086169
10/17/2018,0.912783871,1.06222571,0.920742605,0.831247307
10/18/2018,1.440908964,1.877895411,1.943969983,2.125843603
10/20/2018,1.418469765,1.418469765,1.418469765,1.418469765
10/21/2018,0.833784943,0.833784943,0.656058255,0.598448642
10/22/2018,0.549266333,0.616942343,0.674583716,0.869221622
10/23/2018,0.864594476,0.901287713,2.016032813,4.921453074
10/25/2018,0.846428884,0.846428884,1.078787973,1.529211149
10/26/2018,0.807646793,0.819506531,0.831366197,1.032960863
10/27/2018,0.96178308,2.061543928,3.289550077,1.354733395
10/28/2018,0.889150397,1.145644637,0.982342171,1.125523268
10/29/2018,1.596593793,1.718841813,1.980626548,2.876288781
10/30/2018,0.732307744,0.732307744,0.674307084,0.462922835
11/1/2018,0.510429236,0.499499583,0.49126771,0.424389509
11/3/2018,0.287749972,0.303539055,0.369756272,0.474863482
11/4/2018,0.322045307,0.31418771,0.31418771,0.383455299
11/9/2018,0.775631561,0.775631561,1.141344765,1.639265538
11/11/2018,0.62673098,0.62673098,0.751367334,0.877302955
11/13/2018,0.644265747,0.778820249,0.959000899,1.021788194
11/14/2018,0.489088161,0.435600232,0.487074285,0.479515838
11/15/2018,1.086497214,1.173754936,1.173754936,0.966725347
11/16/2018,0.720635726,0.720635726,0.720116223,0.719596719
11/17/2018,0.67990135,0.803109579,0.764130673,1.055836328
11/18/2018,0.667847489,0.786689634,0.747202939,0.744836943
11/19/2018,0.688840373,0.820826826,0.746427322,0.840091525
11/20/2018,0.783839496,0.808324257,1.101504604,1.19203396
11/21/2018,0.677451098,0.695970302,0.754918583,0.79534766
11/22/2018,0.721859615,0.721859615,0.80931437,1.118889631
11/23/2018,0.449266663,0.539831854,0.665851912,0.606406902
11/24/2018,0.877550483,0.669215806,0.771384512,0.874343168
11/25/2018,0.72449955,0.72449955,0.704202757,0.839808417
11/26/2018,0.66303568,0.66303568,0.951094626,1.05407802
11/27/2018,1.008660183,0.82130282,0.633945529,0.636230616
11/28/2018,1.318764698,0.870977165,0.661678496,0.576976017
11/29/2018,0.798679685,0.840356952,0.889755756,0.945412248
11/30/2018,0.683953258,0.683953258,0.793436047,0.820268178
12/3/2018,0.867533818,0.856417319,0.956020085,1.19638964
12/5/2018,0.850171855,1.110698649,2.162897727,2.083935542
12/6/2018,0.740033865,0.781413473,0.928364243,0.890198789
12/7/2018,1.423647336,1.423647336,1.423647336,1.423647336
12/8/2018,0.692072936,1.005223021,1.671805512,2.435116912
12/9/2018,1.341506577,1.491029252,1.938735077,2.511978964
12/10/2018,0.512369916,0.521008915,0.454861183,0.227695873
12/12/2018,0.468629005,0.538496024,0.608363043,0.549540309
12/13/2018,0.658288918,0.658288918,0.734272035,0.810255224
12/14/2018,0.853961537,0.745521975,0.687591673,0.974069044
12/15/2018,0.59054335,0.716977302,1.206647212,1.858796022
12/16/2018,0.524949573,0.529980571,0.572271529,0.739159004
12/17/2018,0.911265524,0.896179408,0.88109322,1.15873132
12/18/2018,0.90678368,0.90678368,1.199853868,1.297953713
12/19/2018,0.529852805,0.830201388,1.189952818,2.029517927
12/20/2018,1.567705913,2.199681767,2.570466022,2.538981789
12/21/2018,1.427900715,1.049279672,1.219747646,1.40312186
12/22/2018,0.983802456,0.97829834,0.97829834,1.258416887
12/23/2018,1.081437076,1.081437076,1.081437076,1.081437076
12/24/2018,0.668866851,0.668866851,1.519059151,1.758164435
12/25/2018,0.48518832,0.612458825,1.135747589,1.552546746
12/27/2018,1.030556377,0.946981963,1.172165939,1.458367042
12/28/2018,0.96461692,0.96461692,1.004333753,1.044050514
12/30/2018,2.750986023,3.694821498,2.506944584,0.796722161
1/2/2019,1.278244599,1.316679554,1.282670128,1.383663621
1/3/2019,0.944587082,0.944587082,0.944587082,1.790116949
1/4/2019,1.670746424,1.670746424,1.94896289,2.309422707
1/5/2019,0.636933983,0.723006233,0.446936247,0.441121629
1/8/2019,1.30588538,1.312670211,1.312670211,1.596999646
1/9/2019,0.416713265,0.416713265,0.553068239,0.993151989
1/10/2019,1.007687752,1.111211532,1.279549033,2.338768536
1/11/2019,2.206280333,1.879550837,0.859623688,0.43095868
1/12/2019,0.202098709,0.202098709,0.229444704,0.410125904
1/13/2019,0.770057159,0.770057159,0.744296267,0.701962854
1/14/2019,0.444335747,0.444335747,0.69817339,1.24739774
1/18/2019,1.818063174,1.818063174,1.768386282,1.97776375
1/19/2019,1.204866348,1.204866348,1.204866348,1.318031573
1/20/2019,2.364784013,2.350443392,2.3474716,2.213154512
1/22/2019,2.022397239,1.974769111,2.162772871,1.682097063
1/23/2019,1.951651066,1.519815123,1.087979181,0.895638659
1/24/2019,0.720223034,0.720223034,0.720223034,1.160911488
1/25/2019,0.341616142,0.341616142,0.621117724,1.855950977
1/26/2019,0.679041186,0.622265361,1.270870998,2.191561071
1/27/2019,0.458611466,0.554778198,0.687993961,0.613280426
1/28/2019,1.599855896,1.387484954,1.91748084,2.588898642
1/29/2019,0.67517205,0.67517205,0.708012303,0.831806392
1/30/2019,2.52068683,2.52068683,2.558148117,2.254728752
1/31/2019,0.934607087,0.914048724,0.915627534,1.157174411
2/1/2019,0.737797964,0.678391079,0.703836413,0.883188986
2/2/2019,1.247832261,1.654180378,1.229632762,1.027214385
2/3/2019,0.637729463,0.637729463,0.923502666,1.133355981
2/4/2019,1.504040993,1.504040993,1.504040993,2.223660413
2/5/2019,2.442249679,1.956827473,1.047386904,0.531227852
2/6/2019,0.731369655,0.519916175,0.841094807,1.018293406
2/7/2019,0.641010047,0.671752787,0.89080997,0.925967106
2/8/2019,0.647537236,0.647537236,0.637750127,0.584586087
2/9/2019,0.47406822,0.47406822,0.47406822,0.716079667
2/10/2019,0.20602889,0.20602889,0.444496982,0.452979257
2/11/2019,0.669434812,0.859816355,0.583045767,0.511028593
2/12/2019,0.62215222,1.199649705,1.263373561,1.707164629
2/13/2019,2.585169859,2.689616231,3.03465873,3.459029249
2/14/2019,0.727386869,0.727386869,0.658976205,0.46455938
2/15/2019,0.246569689,0.246569689,0.499879025,1.01698417
2/16/2019,0.224717387,0.314991848,0.76129676,2.082415594
2/17/2019,0.628030175,0.589090669,0.692820686,0.834921739
2/18/2019,0.438175521,0.513934465,0.502387775,0.426461702
2/19/2019,0.851513905,0.763666612,0.763666612,0.575368249
2/20/2019,1.094660984,1.094660984,1.094660984,0.993752328
2/21/2019,0.180337665,0.180337665,0.401253783,0.470653213
2/22/2019,0.219018075,0.074562658,0.263865841,0.395584575
2/23/2019,0.252540776,0.1705041,0.431841472,0.452867243
2/24/2019,0.3368943,0.371020506,0.398023913,0.471953317
2/25/2019,0.466623496,0.466623496,0.466623496,0.520591675
2/26/2019,0.540193032,0.540193032,0.528973324,0.473312139
2/27/2019,0.324614484,0.281421726,0.628291891,1.159103485
2/28/2019,0.552932179,0.766061494,0.937587029,1.265227183
3/1/2019,1.188054812,1.188054812,1.772883697,2.150779183
3/2/2019,0.712310939,0.712310939,0.564079528,0.415848153
3/3/2019,0.200924678,0.200924678,0.329706127,0.458487593
3/4/2019,0.368857982,0.332638519,0.322017659,0.32505297
3/5/2019,0.420394863,0.572596437,0.577056344,0.600193234
3/6/2019,0.498763984,0.508987796,0.47456102,0.562857385
3/7/2019,0.961560872,1.196172598,1.196172598,0.896892961
3/8/2019,0.396984069,0.396984069,0.396984069,0.450324005
3/9/2019,0.144669939,0.326547779,0.30599389,0.560002663
3/10/2019,0.265512081,0.513128616,0.443467143,0.60452563
3/11/2019,0.338793106,0.406095714,0.379621561,0.367989269
3/12/2019,0.755102374,0.981201883,1.080667716,1.115820487
3/13/2019,0.289306026,0.289306026,0.289306026,0.289306026
3/14/2019,0.118505077,0.174360739,0.309634233,0.360908416
3/15/2019,0.255892446,0.249189252,0.442264281,0.56647692
3/16/2019,0.510539649,0.417464253,0.628718917,0.647611232
3/17/2019,0.569116128,0.615207173,1.01393809,1.439507469
3/18/2019,0.515539432,0.532480408,0.54942142,0.303167653
3/19/2019,0.664097679,0.664097679,0.537454616,0.410811554
3/20/2019,0.468764665,0.565667942,0.803016592,0.725314967
3/21/2019,0.532955091,0.766613448,0.549676188,0.893516844
3/22/2019,0.365504166,0.365504166,0.384230843,0.607529619
3/23/2019,0.657403943,0.657403943,0.498754453,0.452904897
3/24/2019,0.295958653,0.295958653,0.342481653,0.426815059
3/25/2019,0.323300374,0.313784622,0.523009694,0.570115844
3/26/2019,0.281212779,0.372654395,0.450786683,0.511745056
3/27/2019,0.197310146,0.220345992,0.555347469,0.453735338
3/28/2019,1.257159893,1.257159893,1.314615656,1.308192441
3/29/2019,0.223745319,0.223745319,0.223745319,0.223745319
3/30/2019,0.320953222,0.332494419,0.39913135,0.50015271
3/31/2019,0.376805256,0.291378728,0.330297553,0.479232913
4/1/2019,0.364408988,0.390144742,0.460738411,0.544966169
4/4/2019,0.568578944,1.280361175,1.992143516,1.98577909
4/6/2019,0.710295499,1.320708252,1.526726701,1.21927078
4/7/2019,0.974107388,0.718813244,0.539713146,0.454797118
4/12/2019,0.318360799,0.393350274,0.64335647,0.733652851
4/13/2019,0.486906429,0.486906429,0.66352397,0.691311798
4/14/2019,0.478032562,0.419203425,0.465332414,0.553710997
4/21/2019,0.566264207,0.582449902,0.651750233,0.627703412
4/22/2019,0.467133941,0.506274446,0.652825256,0.617771366
4/23/2019,0.587704126,0.707259387,0.739004026,1.062585361
4/25/2019,0.627476256,0.627476256,0.627476256,0.681953461
4/26/2019,0.371003953,0.437051349,0.480390736,0.578881736
4/28/2019,0.405714491,0.477517679,0.498954614,0.552732236
4/30/2019,0.34149376,0.34149376,0.34149376,0.422673766
5/3/2019,0.411961882,0.508944941,0.633591553,0.716316645
5/4/2019,0.471674139,0.529844729,0.529844729,0.687060601
5/5/2019,0.649452195,0.590086856,0.590086856,0.530721554
5/6/2019,0.544324321,0.675495176,0.806665994,0.974927752
5/7/2019,0.582255598,0.81576618,0.845963295,0.892111857
5/8/2019,0.673747854,0.743274722,0.895597695,0.856063853
5/9/2019,0.493426087,0.590405507,0.676735581,0.667091881
5/10/2019,0.773042266,0.820366695,0.804392403,0.812042417
5/11/2019,0.627465488,0.627465488,0.642618761,0.658580611
5/13/2019,0.780064438,0.896736456,0.887827919,1.049534767
5/14/2019,0.839220156,0.726725557,0.686221902,0.702194375
5/15/2019,0.813359075,0.760966795,0.693763286,0.590778036
5/16/2019,0.695208801,0.695208801,0.695208801,0.787175304
5/17/2019,0.542589441,0.542589441,0.866032788,0.858917192
5/18/2019,0.473453401,0.524388197,0.624848471,0.758997194
5/19/2019,0.582364592,0.704709892,0.801816641,0.707054714
5/20/2019,0.760422045,0.760422045,0.690607267,0.703458936
5/21/2019,0.612504809,0.612504809,0.660399382,0.753870045
5/23/2019,0.749221508,0.868784118,1.21277546,0.953568306
5/24/2019,0.582908579,0.677401695,0.615042372,0.5993374
5/26/2019,0.721411852,0.721411852,0.703891565,0.691480382
5/29/2019,3.639486386,3.631851578,1.887136023,1.349665836
5/30/2019,0.808560071,0.934113268,1.585270511,2.580966684
5/31/2019,0.57921683,0.57921683,0.714656053,1.149005475
6/1/2019,1.046891557,1.046891557,1.046891557,1.046891557
6/2/2019,0.523949093,0.592901633,0.742134944,0.82241575
6/4/2019,0.92415874,1.479415514,1.01367521,0.470827508
6/5/2019,0.321768093,0.327817179,0.389784545,0.361814491
6/6/2019,0.468040525,0.479399823,0.490759157,0.441302764
6/7/2019,0.380215424,0.433155219,0.486095014,0.559855107
6/8/2019,0.500481328,0.457595706,0.588948205,0.703272017
6/9/2019,0.610533243,0.624094391,0.774287037,0.66460685
6/11/2019,0.635438919,0.535221734,0.535221734,0.497821784
6/13/2019,0.612192453,0.612192453,0.98117227,0.955987634
6/14/2019,0.491470637,0.492620857,0.649840804,0.775042281
6/15/2019,0.653841998,1.316832204,1.486125257,2.559674031
6/17/2019,0.565735209,0.565735209,0.565735209,0.671651433
6/18/2019,0.84893938,0.968220993,1.142600522,1.040844509
6/20/2019,1.361922914,1.361922914,2.019240201,2.433153859
6/21/2019,0.70804359,0.81132217,0.913442782,1.002712743
6/22/2019,0.644275278,0.644275278,0.605286841,0.566298404
6/23/2019,0.350925802,0.350925802,0.455881782,0.669447327
6/24/2019,0.56729772,0.623423839,0.395862917,0.349058464
6/25/2019,0.610695643,0.83075327,1.195742225,0.80463491
6/26/2019,0.546210504,0.582094508,0.638257043,0.731807013
6/27/2019,0.172383607,0.55098677,0.55098677,0.55098677
6/28/2019,0.66348548,0.66348548,0.753331042,0.843176604
6/30/2019,0.389860579,0.600798776,0.74689131,0.736524453
7/1/2019,0.728043524,1.215623706,2.26674747,1.366901997
7/3/2019,1.176036385,1.176036385,1.176036385,1.176036385
7/4/2019,1.552259491,1.451395219,1.335045381,1.248462213
7/5/2019,0.631038711,0.728887462,0.602719956,0.621295549
7/6/2019,1.081802693,1.083538809,1.30383909,1.376832952
7/7/2019,0.820637288,0.820637288,0.637638004,0.574188161
7/8/2019,0.71604416,0.625295943,0.534547653,0.534547653
7/12/2019,1.451806165,1.576202048,1.6552124,1.677551336
7/14/2019,0.371396782,0.371396782,0.371396782,0.446283157
7/16/2019,0.264119299,0.335654186,0.23107601,0.297654478
7/18/2019,0.402263831,0.402263831,0.436002701,0.391189533
7/19/2019,0.566096314,0.566096314,0.566096314,0.566096314
7/20/2019,0.649334543,0.984237631,1.149333548,0.979526376
7/21/2019,0.862419765,0.717157236,0.430405707,0.35585319
7/22/2019,0.733771012,0.467263817,0.537868073,0.664615654
7/23/2019,0.460332085,0.714877388,0.405182655,0.378522964
7/24/2019,0.513333362,0.513333362,0.623456144,0.897061691
7/27/2019,0.631258372,0.475169509,0.343662905,0.302596327
7/29/2019,0.335291188,0.298775776,0.298775776,0.283592053
8/3/2019,0.893740798,0.893740798,0.80236372,0.784690637
8/4/2019,0.317937083,0.317937083,0.317937083,0.317937083
8/5/2019,0.438903662,0.428903004,0.41551968,0.421707737
8/6/2019,1.128325093,1.759820298,1.044133969,0.826428222
8/7/2019,0.86702079,1.104106341,1.024196972,0.817553955
8/8/2019,0.720887401,1.235592208,0.514781605,0.469914266
8/9/2019,0.552237507,0.683267717,0.683267717,0.814297964
8/10/2019,0.264288647,0.264288647,0.167981125,0.129420278
8/11/2019,0.247573516,0.226138636,0.223141487,0.279042142
8/14/2019,0.03381248,0.339950275,0.339950275,0.339950275
8/15/2019,0.161223834,0.161223834,0.161223834,-0.125306015
8/16/2019,0.265210911,0.388645603,0.666161286,0.470937121
8/19/2019,0.565609735,0.491380597,0.417151459,0.538078384
8/20/2019,0.295665595,0.295665595,0.295665595,0.295665595
8/21/2019,0.905780907,1.017012764,0.793379149,0.704057747
8/22/2019,0.587193317,0.669451547,0.488080623,0.510701684
8/24/2019,0.903500695,0.903500695,1.552875765,2.190280211
8/25/2019,0.847010888,0.847010888,0.908361762,0.764482684
8/26/2019,0.576595667,0.576595667,0.37528047,0.378606492
8/27/2019,0.515731917,0.56226927,0.591713651,0.715700444
8/28/2019,1.388656674,0.820936039,0.539141583,0.365675296
8/29/2019,0.898471408,0.794079533,0.823258379,2.019144013
8/30/2019,0.05593593,0.562379173,0.562379173,0.562379173
8/31/2019,0.515161701,0.515161701,0.515161701,0.573619545
9/1/2019,1.092262683,0.927790388,0.915231794,1.189170434
9/2/2019,0.48323127,0.821535141,0.737942319,0.783693176
9/3/2019,0.356587043,0.335945333,0.439203905,0.535272666
9/4/2019,0.905190827,1.031453066,1.175273355,1.239912672
9/5/2019,0.494329252,0.494329252,0.494329252,0.494329252
9/6/2019,0.558728789,0.604938723,0.553287173,0.493412954
9/7/2019,0.568555915,0.566609488,0.629031128,0.545075454
9/10/2019,0.37648897,0.37648897,0.37648897,0.386241882
9/11/2019,0.573776779,0.794654406,1.015532034,1.758124999
9/12/2019,1.032737346,1.655616215,1.529713045,0.520647154
9/13/2019,1.184315261,1.555774506,0.963129787,0.452355307
9/14/2019,1.33774287,1.599767129,0.832950027,0.398663105
9/15/2019,0.572515346,0.572515346,0.572515346,0.572515346
9/16/2019,1.171986369,1.171986369,1.171986369,0.827622571
9/18/2019,0.725768841,0.638912679,0.592494071,0.485918463
9/19/2019,0.774103537,0.686145795,0.359162113,0.309604839
9/20/2019,0.349382935,0.290348016,0.315673788,0.341480736
9/21/2019,0.514657804,0.514657804,0.514657804,0.514657804
9/22/2019,0.711420216,0.795988453,0.920827006,0.756438094
9/23/2019,0.695445051,0.667217537,0.602415603,0.656506745
9/24/2019,1.021614808,1.928579004,1.788029476,0.872317469
9/25/2019,1.355118002,1.774416742,0.983928985,0.484888697
9/26/2019,0.904277476,0.904277476,1.251027279,1.132551115
9/27/2019,0.50463932,0.50463932,1.102420356,1.193172502
9/29/2019,0.590109812,0.612978911,0.564954535,0.495138593
9/30/2019,0.414033821,0.414033821,0.457265924,0.589583797
10/1/2019,0.409702188,0.355564007,0.337974561,0.308027338
10/2/2019,0.670292502,0.670292502,0.670292502,0.651173104
10/3/2019,0.761139308,0.875142214,0.907271096,0.790127306
10/5/2019,0.292173572,0.3184874,0.483319163,0.577810642
10/6/2019,0.620965875,0.492293766,0.530615507,0.735409121
10/7/2019,0.370056005,0.370056005,0.370056005,0.370056005
10/8/2019,0.188217418,0.456096568,0.559589462,0.641384686
10/9/2019,0.724798883,0.760749681,0.684115803,0.605924361
10/11/2019,0.557371568,0.557371568,0.700288947,0.780859191
10/12/2019,0.567077586,0.567077586,0.591147545,0.615217505
10/13/2019,0.480384006,0.480384006,0.513266932,0.601840875
10/17/2019,0.376560638,0.343719585,0.352149,0.29938019
10/18/2019,0.406758081,0.406758081,0.351188537,0.287268376
10/21/2019,0.54819604,0.54819604,0.702990073,0.858156782
10/22/2019,0.49178565,0.49178565,0.475423221,0.543177885
10/23/2019,0.672737733,0.672737733,0.672737733,0.772447747
10/27/2019,0.472711981,0.475929191,0.507700206,0.526143922
10/31/2019,0.468483704,0.449351865,0.679995355,1.242786675
11/3/2019,0.261091845,0.261091845,0.261091845,0.530486504
11/4/2019,0.58749818,0.60364513,0.547466188,0.687012944
11/5/2019,0.493553598,0.535375148,0.591594653,0.634280441
11/6/2019,0.386342799,0.617149926,0.425051876,0.44554643
11/7/2019,0.373496187,0.333989265,0.316133228,0.31135889
11/8/2019,0.278541611,0.304818859,0.364813604,0.395764109
11/11/2019,0.504773889,0.800291964,1.018126641,1.02722719
11/12/2019,0.797142493,0.823327719,0.804479569,0.907851281
11/13/2019,0.092705659,0.092705659,0.426460465,0.373437761
11/14/2019,1.113455146,1.113455146,1.239885169,1.448366675
11/15/2019,0.689308145,0.837243206,1.087411365,1.275691902
11/16/2019,0.457877468,0.689837543,0.586680762,0.371951573
11/19/2019,0.846671683,0.846671683,1.118977161,1.173121273
11/20/2019,0.8826884,0.934661293,1.285781618,1.220129634
11/21/2019,0.928984373,1.166231959,1.645103766,2.014439087
11/22/2019,0.87958877,0.87958877,1.907789265,1.46573293
11/25/2019,0.493419138,0.75575852,1.044443852,0.99896024
11/26/2019,0.494473206,0.371495116,0.656242773,0.532681224
11/27/2019,0.177918973,0.175807527,0.108052936,0.220709444
11/28/2019,0.554848411,0.489254016,0.344006185,0.263958409
12/1/2019,0.725304417,0.726323924,0.890623851,1.045092067
12/4/2019,1.694077073,1.580094686,1.466112153,1.380932808
12/8/2019,1.179028404,1.52776076,2.374250616,1.544585393
12/10/2019,0.927778601,0.927778601,1.455685415,1.983592228
12/13/2019,0.30065612,0.346797278,0.400194258,0.428612366
12/14/2019,0.962448976,0.960747493,0.985824663,0.812235521
12/15/2019,0.351073104,0.351073104,0.560727749,0.563884532
12/16/2019,0.275653256,0.275653256,0.369315931,0.406479594
12/17/2019,0.70674796,1.021441203,1.131079625,1.5852254
12/18/2019,1.042063013,1.226465538,1.829323155,1.772597898
12/19/2019,5.607270868,5.442542024,4.399692989,3.317822411
12/20/2019,1.968300494,1.653731015,1.433371508,1.440954074
12/21/2019,0.553568461,0.553568461,0.70025555,0.846942639
12/22/2019,0.489512713,0.514995518,0.625633766,0.830756471
12/23/2019,0.793979561,0.727023144,1.387930242,1.21842997
12/24/2019,0.758346796,0.790254271,0.866892879,0.764898432
12/25/2019,0.374224037,0.350673181,0.393456685,0.495208078
12/26/2019,0.779281254,0.779281254,0.779281254,0.779281254
12/27/2019,1.584513811,1.852592541,2.028497111,1.851865236
12/28/2019,0.692949252,0.786127785,1.021885255,1.931984589
12/29/2019,1.036857502,0.987020176,1.168836461,1.436724997
12/30/2019,2.851233003,2.413216862,1.921509829,0.933006013
12/31/2019,0.170150433,0.223900533,0.277650634,0.200628619
1/1/2020,2.615298436,2.615298436,2.392734168,2.170169901
1/2/2020,0.913063923,1.233824296,2.095405071,2.212663967
1/3/2020,0.43656044,0.572955068,0.560928747,0.857148843
1/5/2020,0.713280242,0.630029026,0.546777774,0.324879657
1/6/2020,1.50618609,1.50618609,1.757568389,2.158275747
1/7/2020,2.234052954,2.242747287,1.768177608,2.115631214
1/8/2020,0.293531793,0.229552334,0.354941803,0.511410253
1/9/2020,0.61569066,0.611153446,0.841910223,1.147715884
1/10/2020,0.921926185,0.89219262,0.89219262,1.260783611
1/11/2020,1.046298567,1.046298567,1.046298567,1.046298567
1/12/2020,1.21199344,1.21199344,1.218715624,1.270678185
1/13/2020,1.083916068,1.338608272,1.399366593,1.260394783
1/19/2020,0.556297455,0.540548826,0.982339043,1.683823211
1/22/2020,0.687842403,0.687842403,0.687842403,0.690412417
1/23/2020,0.660045916,0.742821649,0.767055681,0.811613863
1/24/2020,0.548067728,0.663781248,0.922061299,0.874992184
1/25/2020,0.528830096,0.681137462,0.681227248,0.634575554
1/26/2020,0.759451723,0.801536517,0.711637113,0.809328412
1/27/2020,0.391633112,0.391633112,0.391633112,0.373157091
1/28/2020,0.853705424,0.853705424,0.697967189,0.638749407
1/29/2020,0.406563558,0.942341867,1.309014915,0.372838767
1/30/2020,0.148889949,0.134310294,0.212551786,0.351166454
1/31/2020,0.645248801,0.712992623,0.834947568,1.363699703
2/1/2020,0.293814173,0.293814173,0.349073598,0.518849993
2/2/2020,0.481134593,0.481134593,0.625342145,0.843602757
2/3/2020,0.360965641,0.494374908,0.540187248,0.582843604
2/4/2020,0.544840113,0.526172153,0.454181391,0.52880685
2/5/2020,0.378552104,0.452419372,0.51971012,0.610387578
2/6/2020,0.447383864,0.421153018,0.550890509,0.605471287
2/7/2020,0.952164046,0.952164046,0.952164046,1.043251395
2/8/2020,0.765889417,0.792380015,0.825388488,0.907708163
2/9/2020,1.172164702,1.002076024,0.681829988,1.191426709
2/10/2020,0.610008719,0.638524216,0.424444625,0.609513372
2/11/2020,2.458080417,3.136236919,4.00664896,4.526369157
2/12/2020,1.442759385,1.442759385,1.442759385,1.145227216
2/13/2020,0.29860159,0.28330729,0.285731603,0.257732827
2/14/2020,0.508183766,0.564060902,0.50876406,0.551721932
2/15/2020,0.43406937,0.287665098,0.651287919,0.566234849
2/16/2020,0.72290386,0.72290386,1.079990034,1.157107326
2/17/2020,0.453241664,0.453241664,0.514175481,0.620075298
2/19/2020,0.312736374,0.26386173,0.170683288,0.609893614
2/20/2020,0.535705258,0.674395997,0.588651528,0.530404941
2/21/2020,0.640607614,0.512563929,0.477131471,0.451810047
2/22/2020,0.70464208,0.751855041,0.879742292,0.943229315
2/23/2020,0.440398435,0.440398435,0.440398435,0.518456145
2/24/2020,0.218016958,0.280435233,0.36131707,0.557736166
2/25/2020,0.368938963,0.341376071,0.838813721,1.550199086
2/26/2020,0.39560633,0.575943995,0.865859183,1.182259512
2/27/2020,0.411256842,0.457163696,0.412839508,0.308906856
2/28/2020,0.296469207,0.296469207,0.296469207,0.269199591
2/29/2020,0.381973732,0.336140693,0.279278556,0.268249441
3/1/2020,0.662228922,0.705820421,0.592686993,0.501565955
3/2/2020,0.911267562,0.94437768,1.482161606,1.817870798
3/3/2020,0.546310766,0.560432381,0.474560802,0.540556284
3/4/2020,0.577419014,0.577419014,0.716039358,0.740691466
3/5/2020,0.346595079,0.346595079,0.257672509,0.338347818
3/6/2020,1.150773605,1.023235891,0.761825213,0.857293562
3/7/2020,0.189689708,0.242571459,0.176820031,0.22750246
3/8/2020,0.4402575,0.46588335,0.5145041,0.563328613
3/9/2020,0.356744313,0.354204312,0.432625675,0.475677407
3/10/2020,0.718886658,0.718886658,0.718886658,0.99560224
3/11/2020,0.487460529,0.389690213,0.447510865,0.330211697
3/12/2020,0.455319096,0.36655576,0.250941375,0.211765546
3/13/2020,0.251241618,0.165201145,0.333923017,0.563068388
3/14/2020,0.479133741,0.459785588,0.346272864,0.246203399
3/15/2020,0.397313634,0.397313634,0.397313634,0.380365091
3/16/2020,0.339292383,0.345294684,0.453086031,0.554875078
3/17/2020,0.298103096,0.322455089,0.307194132,0.480430936
3/18/2020,0.162778724,0.290176558,0.480723284,0.627613845
3/19/2020,0.561458146,0.669873989,0.941743492,0.853000674
3/20/2020,0.828383054,0.828383054,1.557705546,1.491842268
3/21/2020,0.538570312,0.538570312,0.81158134,0.680764642
3/22/2020,0.269297325,0.33953751,0.491072096,0.576918828
3/23/2020,0.318636703,0.42163123,0.418720156,0.577511382
3/25/2020,0.370408743,0.379788398,0.305938156,0.305938156
3/26/2020,0.218140995,0.218140995,0.218140995,0.175120713
3/28/2020,0.266445531,0.192902262,0.215503824,0.110580277
3/30/2020,0.379757912,0.405403989,0.398961311,0.299989952
3/31/2020,0.56747027,0.56747027,0.56747027,0.721048418
4/1/2020,0.224962569,0.164630474,0.104298388,0.360579288
4/2/2020,0.298337764,0.222465969,0.333157805,0.385503154
4/3/2020,0.312937009,0.305322792,0.319258506,0.290876415
4/4/2020,0.224022642,0.224022642,0.286861978,0.288525171
4/5/2020,0.480842864,0.480842864,0.399911223,0.35871919
4/9/2020,0.055004803,0.119485567,0.017993455,0.193591677
4/13/2020,0.092492282,0.15963944,0.238841512,0.213412841
4/14/2020,0.30289717,0.216773642,0.137237221,0.183630709
4/21/2020,0.434856265,0.434856265,0.478811198,0.522766095
4/22/2020,0.544412578,0.544412578,0.578999388,0.656542106
4/23/2020,0.320183353,0.464136756,0.562444111,0.62703577
4/25/2020,0.410894427,0.426911065,0.42623029,0.468635481
4/26/2020,0.42743115,0.436392656,0.444018879,0.450557345
4/29/2020,0.548846983,0.527365191,0.615968456,0.493087791
5/1/2020,0.457238784,0.405704159,0.478763359,0.516781438
5/2/2020,0.711514003,0.641380902,0.426137885,0.248395791
5/3/2020,-0.073518395,-0.097496259,-0.051128327,-0.084782414
5/4/2020,0.487886573,0.675865303,0.640940707,0.580111519
5/5/2020,0.557118619,0.515018,0.58731559,0.679575242
5/7/2020,0.630798604,0.620781793,0.565013797,0.509245801
5/15/2020,0.51509458,0.595348101,0.663717365,0.675154442
5/17/2020,0.566316667,0.516954278,0.549836368,0.542315429
5/18/2020,0.7118746,0.707159925,0.707159925,0.707159925
5/19/2020,0.86798078,0.887064161,0.931351096,0.997098978
5/20/2020,0.788179823,0.946956425,0.962954218,0.984619037
5/25/2020,0.41904641,0.472663414,0.455535483,0.517111512
5/26/2020,0.50677183,0.614499659,0.664568215,1.08608685
5/27/2020,0.541790832,0.770575716,2.176291891,2.11536797
5/28/2020,0.65162465,0.652809395,0.645221662,0.616754041
5/29/2020,0.546201336,0.546201336,0.462718599,0.379235826
5/30/2020,0.592225952,0.574312653,0.545892617,0.594412923
5/31/2020,0.426908555,0.416584735,0.389949055,0.27318667
6/1/2020,0.622272637,0.717317307,0.677594217,0.576615785
6/2/2020,1.631342748,2.116256655,1.88893202,0.958526653
6/3/2020,0.491960382,0.491960382,0.551410703,0.610861025
6/4/2020,0.675266638,0.675266638,0.687835491,0.717359653
6/6/2020,0.515668762,0.403331942,0.40038005,0.479707414
6/11/2020,0.592442557,0.721471733,0.669432702,0.614511155
6/13/2020,0.344521177,0.299817621,0.304439109,0.309060597
6/17/2020,0.826870164,1.078567875,2.342449443,1.356837165
6/19/2020,0.749409155,0.749409155,0.749409155,0.910792951
6/20/2020,0.580729684,0.675859919,0.739580792,0.642184023
6/21/2020,0.408945089,0.457048445,0.597249818,0.950307876
6/22/2020,0.662206585,0.819235065,1.81985888,1.100630398
6/23/2020,0.653646421,0.570634365,0.488644328,0.440925651
6/26/2020,0.631727089,0.775403896,2.353950258,1.303099416
6/27/2020,1.576674113,2.001539979,2.251427941,1.320254814
7/2/2020,0.462863572,0.491984647,0.559634645,1.159956446
7/3/2020,0.629530987,0.858509156,1.386843796,1.752535754
7/4/2020,0.653060561,0.719052623,0.631996372,0.495191489
7/7/2020,1.059993156,0.640447688,0.397936274,0.287694274
7/9/2020,0.494852684,0.583521323,0.50175644,0.348606263
7/10/2020,0.662365055,0.64321619,0.624067325,0.611835057
7/16/2020,0.208759793,0.208759793,0.394682938,0.580606102
7/21/2020,0.52403826,0.52403826,0.52403826,0.52403826
7/22/2020,0.389193301,0.336655539,0.413344969,0.581988133
7/24/2020,1.049909333,0.630230716,0.381202335,0.295121426
7/26/2020,0.354374788,0.391227586,0.428080421,0.414331225
8/4/2020,0.372722643,0.472164502,0.650363654,0.598660699
8/5/2020,0.612199074,0.535159925,0.529157332,0.558225183
8/8/2020,0.696000934,0.964771243,1.104458133,0.648411078
8/9/2020,0.411444744,0.430115324,0.538816021,1.097918575
8/10/2020,0.804898009,0.976037991,0.947142544,0.619206112
8/13/2020,1.189722825,1.24222599,1.456798782,1.291227672
8/14/2020,0.966060034,0.758708629,0.483812109,0.495701679
8/15/2020,0.770952975,0.605327768,0.393996343,0.265028739
8/16/2020,0.546780066,0.546780066,0.546780066,0.546780066
8/25/2020,0.539388202,0.264829268,0.306645379,0.275411203
8/27/2020,0.360190825,0.421216573,0.346179186,0.271141798
8/29/2020,0.4665702,0.491545979,0.503961128,0.284257967
8/30/2020,0.299652056,0.165543279,0.259390599,0.582414032
9/1/2020,0.314922618,0.314922618,0.314922618,0.314922618
9/14/2020,1.333018299,1.630127081,1.331795065,0.997259194
9/17/2020,0.380186102,0.380186102,0.380186102,0.380186102
9/18/2020,0.879493455,0.879493455,0.879493455,1.430508419
9/19/2020,0.574201367,0.582408284,0.942959596,1.031905049
9/20/2020,0.324865177,0.43396205,0.433390815,0.612772637
9/23/2020,4.198919924,5.075873923,5.049992469,3.725221322
9/24/2020,0.363814215,0.360710546,0.36886875,0.453009125
9/29/2020,0.526676558,0.526676558,0.527451739,0.570886768
10/3/2020,0.05734802,0.576576313,0.576576313,0.576576313
10/6/2020,0.585474991,0.785790253,1.156805083,1.183648928
10/9/2020,0.346170709,0.346170709,0.346170709,0.346170709
10/10/2020,0.386042775,0.386042775,0.426495462,0.560766421
10/11/2020,0.259891476,0.271998688,0.419870012,0.496808752
10/12/2020,2.27815457,3.051959502,0.79344456,0.799395129
10/13/2020,0.658349745,1.153117555,1.619194663,1.344915945
10/14/2020,0.362177598,0.362177598,0.362177598,0.527721822
10/15/2020,0.585480229,0.585480229,0.670090594,0.754700959
10/16/2020,0.498451773,0.521759357,0.598338484,0.669724686
10/17/2020,0.273297846,0.373565563,0.511516337,0.682604732
10/18/2020,0.40075487,0.40949395,0.432173838,0.517760782
10/19/2020,0.472381507,0.514681742,0.790739577,1.085374533
10/20/2020,0.727681982,0.727681982,1.098256325,1.468830596
10/21/2020,0.575211016,0.592194701,0.705342827,0.78193807
10/22/2020,0.615059471,0.568440119,0.618694103,0.629151546
10/23/2020,1.438140898,1.438140898,1.892075525,0.880601146
10/24/2020,0.686859057,0.698711956,0.710564782,0.773838401
10/25/2020,0.46522091,0.46522091,0.46522091,0.451613741
10/26/2020,0.440957228,0.439443902,0.504616546,0.593867444
10/27/2020,0.424021746,0.563282701,0.617118276,0.73516836
10/28/2020,1.616143418,1.39860902,2.345337707,3.571158741
10/30/2020,0.532304293,0.532304293,0.458288996,0.449231666
10/31/2020,0.461958844,0.536255284,0.610551724,0.63695079
11/3/2020,1.161625769,1.069330247,1.002315257,0.979840261
11/4/2020,0.66576984,0.66576984,0.73721465,0.808659461
11/5/2020,0.664164836,0.664164836,0.664164836,0.706577266
11/6/2020,0.649901922,0.652482995,0.690197048,0.776739762
11/7/2020,0.703363694,0.75716227,0.977853197,1.006665407
11/8/2020,0.612659205,0.726851431,0.935256758,1.241128048
11/9/2020,1.067578487,1.067578487,1.516349585,1.748526847
11/10/2020,0.867253329,0.867253329,0.867253329,0.867253329
11/12/2020,0.676239943,0.681342208,0.982969214,0.948116358
11/13/2020,0.5963269,0.644709362,0.850564975,1.333730033
11/14/2020,1.438053296,1.438053296,1.467629045,1.171751719
11/15/2020,0.29808114,0.29808114,0.250190787,0.417404881
11/16/2020,0.285650513,0.285650513,0.310463438,0.285194092
11/17/2020,0.46324305,0.49520866,0.571945056,0.625165558
11/18/2020,0.653473035,0.731034379,0.927149522,0.869900687
12/10/2020,0.615015597,0.639811697,0.706231513,1.302215096
12/28/2020,0.591762619,0.591762619,0.629379792,0.666997003
1/29/2021,1.083093448,1.07700951,1.349403174,1.393849088
1/31/2021,1.851456036,2.356240584,4.518066999,4.429281107
2/3/2021,-0.073044757,-0.073044757,0.036173069,-0.029306652
2/14/2021,2.222166222,2.222166222,2.222166222,2.222166222
2/16/2021,2.098066616,2.158576972,2.202532196,2.44710478
2/22/2021,0.624640452,0.824756571,1.483827655,1.30167813
2/28/2021,0.564705042,0.638436468,0.87543689,1.283877355
3/2/2021,0.304450386,0.304450386,0.304450386,0.304450386
3/6/2021,0.270805704,0.385054846,0.583047076,0.614773089
3/13/2021,0.410846224,0.410846224,0.527614757,0.644383254
3/20/2021,0.247046191,0.393298469,0.50593444,0.577207466
3/21/2021,0.602126274,0.516722939,0.362652863,0.777667374
3/23/2021,0.434277754,0.434277754,0.457998394,0.435462716
3/24/2021,0.863749883,0.863749883,1.076077024,0.891367381
3/25/2021,0.549478864,0.239998062,0.29075587,0.44408036
3/26/2021,0.461696982,0.466417041,0.582177236,0.661234735
3/27/2021,0.524869283,0.54784643,0.668219582,0.739404059
3/28/2021,3.221735824,3.51322291,3.51322291,3.804710286
3/29/2021,0.653091556,0.653091556,0.724130005,0.795168453
3/30/2021,0.767561578,0.719320014,0.814258674,0.745113721
3/31/2021,0.466027559,0.425239778,0.580593842,0.54809072
4/1/2021,0.276065584,0.468250255,0.315444704,0.509246674
4/2/2021,0.368022411,0.368022411,0.402251171,0.448230203
4/3/2021,0.572939825,0.572939825,0.64277483,0.64277483
4/4/2021,0.089596169,0.037467003,0.317641934,0.34981982
4/5/2021,0.121454632,0.21689706,0.334497745,0.363805557
4/7/2021,0.48278489,0.548754397,0.64121472,0.773004722
4/8/2021,0.386676002,0.386676002,0.386693719,0.386711436
4/9/2021,0.629762289,0.629762289,0.74062089,0.790189515
4/10/2021,0.360704107,0.470584637,0.52945179,0.739553361
4/11/2021,0.291795004,0.463922552,0.581648383,0.669305446
4/12/2021,0.380363126,0.436624105,0.598751576,0.657490818
4/14/2021,0.522961564,0.451776032,0.451776032,0.537442684
4/15/2021,0.379687735,0.434758767,0.442094206,0.413368762
4/16/2021,0.248161905,0.437665003,0.307148621,0.525558207
4/17/2021,0.503996489,0.524380994,0.586380811,0.612516669
4/18/2021,0.499553717,0.500127317,0.545085277,0.496094217
4/19/2021,0.549107026,0.549107026,0.549107026,0.574872029
4/20/2021,0.814107989,0.823611917,0.768068785,0.826804026
4/21/2021,0.537056039,0.615332974,0.614350356,0.655361291
